id,version_id,content_sha256,title,primary_topic,subtopic,secondary_topics,evidence,reason,review_status,quality_flag,validation_status
293,91,c6a70c5b0d0d6e87d759b146163952379cba0eed6d85613d3ce6154bb09021bc,首尾相接训练,柔韧与活动度,躯干后伸柔韧,安全防护与健康边界,练习者俯卧直臂撑地面，屈腿仰头，头足相触,头足相触体现大幅后伸柔韧任务；极限腰颈后伸仅配热身提示需专业核查适龄与安全。,proposed,专业复核,passed
299,97,fac087631ad8f3d052552ecc241afefb9e0688c2edbc0ed553480e905522a996,小猫弓背训练,柔韧与活动度,脊柱屈伸活动度,基础动作与身体控制,呼气、低头、含胸、拱背,跪撑配合呼吸交替塌腰拱背以脊柱屈伸活动控制为主要内容。,proposed,,passed
300,98,e56e1ed6d1ab465d36c4fb516dbcacaf83c274e5310da976031909851c11b060,顶峰式训练,柔韧与活动度,肩带与下肢后侧链伸展,安全防护与健康边界,双肩下压，尽量将额头和双脚脚跟着地,倒V位压肩直膝落跟体现伸展目标；保持3次语句残缺且极限着地及充分压肩提示需专业复核。,needs_review,专业复核,passed
315,113,af810bca2899fb63992074565897ee843d05b6e6ffc23120412251ccedcfe2d7,弓步行进前后摆手,柔韧与活动度,肩髋联合活动度,,增加肩关节活动幅度,明确目标同时增加肩关节和髋关节活动幅度足以支持联合活动度分类。,proposed,,passed
316,114,498786a8e5c4ddfa3b86066a39fcd943f26170d68afe8cc362aa449f500928e1,弓步行进扩胸,柔韧与活动度,肩髋联合活动度,,增加髋关节活动幅度,正文两项训练目标均为肩髋活动范围扩展支持柔韧活动度主题。,proposed,,passed
317,115,a7b9fd029244e4914d4cfffb268cae3019cf6ad19da72693c7be46f1a7ea548d,行进双臂环绕,柔韧与活动度,肩关节活动度,,增加肩关节活动幅度,正文唯一实质训练目标为肩关节活动幅度增加。,proposed,,passed
318,116,5017d60ec0b0ae13e75be62fc70554a5d9b201a41dbb2e3cee01c8b19e6c80dc,行进间正踢腿,柔韧与活动度,大腿后侧动态伸展,力量与稳定性;基础动作与身体控制,踢腿幅度逐渐增加，骨盆不能后倾,直膝踢腿逐步加幅支持后侧肌群拉伸；并列爆发力和平衡目标且缺少主次暂待复核。,needs_review,,passed
319,117,e1cd4ea3877bdcc62addd12ab824a375b9730ac6291a5da70c403851a3d1ee38,行进燕式平衡,柔韧与活动度,大腿后侧伸展,基础动作与身体控制,拉伸腿部后侧肌肉,正文将后侧肌肉拉伸列为目标且以直膝俯身配合后抬腿实施。,proposed,,passed
320,118,dda1c18cb32e532c0ced490b37149856dcd02f24daabf484bce7fbc3d2254515,行进弓步压腿,柔韧与活动度,髋关节活动度,力量与稳定性,增加髋关节的活动幅度,暂以增加髋活动范围为主；仅并列活动度与稳定性目标且无步骤难以判断主次。,needs_review,,passed
321,119,5b2924aa60c32e729f25810f4d8244749d6cff8d57aee0aaa450c4151986f2e5,横向侧跨步,柔韧与活动度,髋横向活动与内收肌伸展,,增加髋关节的横向活动幅度,两个目标分别指向髋横向活动和大腿内侧拉伸且方向一致。,proposed,,passed
322,120,1228b181277134269e53fb772329929fe8db9222f68d385a7eb8520e3375de08,前倾弓步压腿,柔韧与活动度,髋部与背部伸展,,增加髋关节的活动幅度,正文以髋关节活动范围及背部肌肉拉伸共同构成主要目标。,proposed,,passed
324,122,6e0fd92081efabbd2f23fe30632012d7cde31640aa4655fc6cfd71a17e9db449,前摆腿,柔韧与活动度,髋活动度与大腿后侧伸展,力量与稳定性,拉伸大腿后侧肌肉,髋活动范围与后侧肌肉拉伸构成两项主要目标并辅以下肢激活。,proposed,,passed
325,123,5d49de921843b74110cc344f9c8bc3c61da967fc8ce210ce262e8cdf8c411ad5,横向侧踢腿,柔韧与活动度,髋横向活动与内收肌伸展,力量与稳定性,增加髋关节的横向活动幅度,侧向活动范围及内侧肌肉拉伸主导正文目标并伴随肌肉激活。,proposed,,passed
326,124,e570e13c2a9eab509984342ff8aaf862fcf63eabec9db817feb2fbb54a5e44c3,行进间抱膝提踵,柔韧与活动度,臀部伸展与髋活动度,基础动作与身体控制,双手抱膝，使大腿尽可能贴近胸部,抱膝贴胸并逐渐加幅主要服务臀部拉伸和髋活动度；提踵附加踝平衡任务。,proposed,,passed
327,125,c5feab0f796f5bf196f28f82560e4e5359422f4fe8ea9a21232f57ee79742548,行进间髋外旋提踵,柔韧与活动度,臀部及髋外侧动态伸展,基础动作与身体控制,在行走中进行动态拉伸,外旋抱膝踝上提的核心是臀部及大腿外侧动态拉伸并附提踵稳定。,proposed,,passed
328,126,202151f60542e30b40fc0780954187132a8fef6123a9259637a071a95430f7e2,反向屈膝提踵,柔韧与活动度,大腿前侧伸展,基础动作与身体控制,将脚后跟轻轻拉向臀部，同时支撑腿提踵,后跟拉臀明确针对大腿前侧伸展；踝关节十字韧带的解剖表述需专业复核。,proposed,专业复核,passed
329,127,cbabaf9b9da52711786e752e42c8d6e4ad0cf6487e6b94cd3c84d1db51afc3b1,坐姿屈膝后撑,柔韧与活动度,肩前侧与肱二头肌伸展,,拉伸前三角肌、肱二头肌,坐姿双手后移增加肩后伸幅度以拉伸肩前侧和上臂前侧肌肉。,proposed,,passed
330,128,9ddb7e3464e43c89577ebdc9f2189cd495fcfb8c566fbed97fc0a6ced25f7a4c,上肢向后伸展上提,柔韧与活动度,肩前侧动态伸展,,拉伸三角肌前侧肌肉,背后扣手再抬臂是以肩前侧拉伸为目标的动态活动。,proposed,,passed
331,129,79c5fe6a870671f8bbe36372f54697839bcd4e742053c85a64e2dce0ef5c1bac,跪姿推肩,柔韧与活动度,肩前侧伸展,,将一侧肩膀向地面推动,跪位单肩下推并释放的操作围绕明确的肩前侧肌肉拉伸目标。,proposed,,passed
332,130,e20518c628f23a7d5ff95ab5725e3ea0f66511810c7126c046d1e6b5600192fa,上肢后拉,柔韧与活动度,肩后伸活动度,,将训练者上肢向斜后方拉伸,辅助者握上臂向后牵拉用于扩大肩关节活动范围。,proposed,,passed
333,131,de0a023334b4fec89309e212d368ebfcc97296bd9f88a0f88d983523f9bed016,头部斜下转动,柔韧与活动度,颈部侧向伸展,安全防护与健康边界,将头部下压，使另一侧侧耳朵向肩膀靠,正文意图拉伸颈部肌群；手置同侧脸却压向另一侧的方向含糊且缺少颈部施力边界需专业复核。,proposed,专业复核,passed
334,132,9d49c0b0af72b2705d315d25a42325091afdeaac95efaa1e885294af863c17d5,反手屈肘侧拉,柔韧与活动度,肩部背后横向伸展,,将左手向右侧拉伸,屈肘背手后通过对侧牵拉增加肩部伸展幅度。,proposed,,passed
335,133,1f201975c34fe3dcb94e0ccb1eb9538cddef0b3e8574780a6e7c64913dfa12df,反手屈肘侧上拉,柔韧与活动度,肩部背后横向伸展,,将左手向右侧斜上方拉伸,辅助者固定肩膀并斜上牵腕实施背后肩部拉伸。,proposed,,passed
336,134,af568d27d169054bf331b91f80d77615c6b3b905eab146b0d4ed402964dce6f6,抱肘直臂侧压,柔韧与活动度,肩后侧伸展,,拉伸后三角肌、肱三头肌,直臂横过身体由对侧手拉肘主要伸展肩后侧组织。,proposed,,passed
337,135,3e2c80d3e516e1a1985f946535c45d82edce4b4d262b863afc31b5d9fb83e215,抱肘屈臂侧压,柔韧与活动度,肩旋转活动度,,拉伸大圆肌、肩胛下肌,固定前臂且上臂贴身后拉用于肩旋转相关肌群的拉伸。,proposed,,passed
338,136,c4432829b55d2da2d3b7963324af6b2d1911f16c7539940c9cb6c968409427b2,侧卧屈肘压前臂,柔韧与活动度,肩内旋活动度,,用力慢慢将左前臂向前推向垫子方向,侧卧屈肘下压前臂表现为肩内旋活动练习；所列肩胛下肌等靶肌对应及上臂位置矛盾需专业复核。,proposed,专业复核,passed
339,137,2e18b1f1d4a01f8b97add6ca3f1dabafd096559b6e1fcb9faa7f36ee4eaff7e8,双手背部向下拉伸,柔韧与活动度,肩上举与肱三头肌伸展,,双手分别在背部反向握住毛巾两头,下侧手牵毛巾使上侧屈肘臂拉伸服务肩上举及上臂后侧柔韧。,proposed,,passed
340,138,4d55d3a7f363c33c5845ff901335ba3785195cb53c05e49038b845e9079a8ec0,仰卧屈肘臂后倒,柔韧与活动度,肩旋转辅助伸展,,将训练者前臂推向垫子方向,固定肩后借前臂转动实施被动肩部拉伸；肱二头肌及肱桡肌等靶肌对应需专业复核。,proposed,专业复核,passed
341,139,a977db958b1d9b1c5fb5e6c057334f970f46752890e9b86ffc9014a48f837c10,坐姿反手撑腰内夹,柔韧与活动度,肩内旋活动度,,大腿内收使肩关节内旋幅度增加,坐姿夹肘直接增加肩内旋角度以伸展肩后侧肌群。,proposed,,passed
342,140,17f365c6c15614091c7fbdc5e70f72783744d662418b890bc2e9c74151eece6f,侧卧屈肘前倒,柔韧与活动度,肩内旋活动度,,右手握住左手腕，将左前臂推向垫子方向,肩肘固定角度后推动前臂主要是肩旋转拉伸；腕伸肌及肩胛下肌的靶肌对应存疑。,proposed,专业复核,passed
343,141,91209dd92b9fb4e237edf08c8fbf6e1996742c9bbbd9d5e55fe2c3ed36047a54,双手背部向上拉伸,柔韧与活动度,肩背后伸展活动度,,右手用力将毛巾上拉,背后上侧手牵毛巾带动下侧臂伸展以增加肩部活动范围。,proposed,,passed
344,142,d865892b4e2b91a8c9b2c72841408a2f2fc324b3611a615012fcb4c7b5e06c07,仰卧屈肘前倒,柔韧与活动度,肩旋转辅助伸展,,将训练者前臂向下方推向垫子方向,暂按固定肩后旋转前臂归肩活动度；安全句断裂及残句错位需补全且所列靶肌需专业复核。,needs_review,专业复核,passed
345,143,509cc4c0fa2bcf167538f5d50ab33d70e88ca4fc9076e73de20d8255d98a1c47,直臂后旋,柔韧与活动度,肱二头肌伸展,,上肢向斜后方抬的时候，前臂内旋,直肘后伸配合前臂转动按明确目标用于上臂前侧肌肉拉伸。,proposed,,passed
346,144,b4e2d6c591c73a31f9c37ebc54f685e4ccea170ff0f3fed27353dac332513692,直臂后撑下蹲,柔韧与活动度,肱二头肌与肩前侧伸展,,左手位置始终保持不变，屈膝降低上身高度,固定身后手臂再下蹲增加肩后伸以拉伸上臂前侧。,proposed,,passed
347,145,02560f82fe06dd6815520c6f9b39b0fc404ccf276513b2dfcbe391ca71e6a610,坐姿双臂后夹,柔韧与活动度,肩前侧与胸部辅助伸展,安全防护与健康边界,先向上提拉训练者双臂至最大幅度后将两臂向中间靠拢,后拉并夹拢双臂以伸展胸肩和上臂；最大幅度提拉与限幅提示冲突需专业审查。,proposed,专业复核,passed
348,146,ef16dfa3503a1f16fd8a8fa8bd89ae98aee5e5c916ab1bf949c371cc2559bbe2,坐姿屈肘后拉,柔韧与活动度,肱三头肌伸展,,拉伸肱三头肌肌群,上举屈肘置于脑后并由对侧手推肘直接拉伸上臂后侧。,proposed,,passed
349,147,950a94afee720bc9cfb4f8120ee5f82031b58acf1e97298d6f2434bf42035d57,站姿靠墙拉肘,柔韧与活动度,肱三头肌伸展,,右手加压使左肘关节屈度增加,靠墙固定上臂再增加屈肘角度以拉伸肱三头肌。,proposed,,passed
350,148,d3fac21e8e90c8264c131096ed17e017c1b31b14e4f030b1036c3d150d8beb37,肩上屈臂拉肘,柔韧与活动度,肱三头肌辅助伸展,,左前臂置于头部后方,辅助者固定高举手臂并增加屈肘幅度服务肱三头肌拉伸。,proposed,,passed
351,149,d71b7d88199af735586db035218f231c59c7a6cda457364c3c9b997022c0df54,五指交叉腹前反压,柔韧与活动度,前臂屈肌与腕伸展,,拉伸前臂屈肌肌群,十指交叉反掌前推至伸肘主要牵拉前臂屈肌。,proposed,,passed
352,150,b82728342f112376bd7922fa03807e62722470933cc45c5077edd70cb6bf3f04,压手掌,柔韧与活动度,前臂屈肌与腕伸展,,右手握住左手掌向下向后进行拉伸,对侧手带动掌心上向的手掌后压用于前臂屈肌伸展。,proposed,,passed
353,151,fee2ab66d57c4edb9ea4198f9dd6ce8856c65ed9319cef13bd60faa6607fcf4b,跪姿双手反压,柔韧与活动度,前臂屈肌与腕伸展,,五指向后指向自己，大拇指朝外,反向手指撑地并后移重心通过腕背伸牵拉前臂屈肌。,proposed,,passed
354,152,564c1ba10ced8eb9bcc56a5bd247dc6fc992040b92d4be2d5fa48767181a0849,辅助直臂压掌,柔韧与活动度,前臂屈肌辅助伸展,,将手掌向下、向后压，向内旋转,辅助者固定手腕并压掌形成前臂屈肌的被动拉伸。,proposed,,passed
355,153,dcce303e447a0f1463bc9b198d12442090820ee5a6be0fc3dc400e85cb34d1c5,握拳直臂下压,柔韧与活动度,前臂伸肌与腕屈曲,,将左拳向下向后拉伸,伸肘握拳后屈腕下压针对前臂伸肌伸展。,proposed,,passed
356,154,cbe3d50369e525d06bbcdae2193cc037983a1c7ffa6528fecd42f59e0f325165,前臂内旋,柔韧与活动度,前臂伸肌与腕旋转伸展,,使左手手腕屈并向内旋转拉伸,屈腕配合旋转的拉伸动作围绕前臂伸肌柔韧目标。,proposed,,passed
357,155,a5125850db5c477f0327bb13fbf5b8e9af025f1d92f4f294b42f35c833aa991e,辅助前臂下压,柔韧与活动度,前臂伸肌辅助伸展,,将训练者左手掌心向下、向后拉伸,辅助者固定前臂后压掌并旋转以完成前臂伸肌被动伸展。,proposed,,passed
358,156,e58076fb3d1ed99d6ddcd98182fce749e3d44f7f3ab94dc1fe4211498d515358,前臂高抬屈肘外旋,柔韧与活动度,高位胸肌与肩部伸展,安全防护与健康边界,肩关节外旋向外打开，外旋应大于90°,高位固定前臂后开肩意在拉伸胸肌；统一要求肩外旋超过90度的适用性需专业复核。,proposed,专业复核,passed
359,157,d0e9c33e70f57c844416a1160cac66624fa31205038ef83a3e179edae1a42e3b,前臂平抬屈肘外旋,柔韧与活动度,平位胸肌与肩部伸展,安全防护与健康边界,肘关节与肩膀平齐,平肩固定前臂再打开肩部实施胸肌拉伸；统一外旋角度门槛及下束定位需专业复核。,proposed,专业复核,passed
360,158,6ef57605c06187372618f4a7553b4013f62445ba3cc53a466a5a13cfa72cf8f3,前臂低位屈肘外旋,柔韧与活动度,低位胸肌与肩部伸展,安全防护与健康边界,肩关节外旋向外打开，外旋应大于90°,低肘位固定前臂开肩服务胸肌伸展；强制外旋角度及靶肌束对应需专业复核。,proposed,专业复核,passed
361,159,4ce806f45d7c1c647c9c72c309197b67ac4bd723430377f7d9311e2d5f902f23,双手脑后抱头扩胸,柔韧与活动度,胸肌辅助伸展,安全防护与健康边界,双手握住其上臂并单腿抵住训练者脊柱,后拉双臂的主旨为扩胸拉伸；辅助者单腿直接抵住脊柱施力且无保护说明需专业复核。,proposed,专业复核,passed
362,160,b0ec5a6665e7c7572fd34f1d667c7d0055d65dc2749ff72bf4fcbdcb69ebd7d6,屈肘抱头外展,柔韧与活动度,胸肌伸展,,两侧肩胛骨向中紧压，肘部向后拉伸,抱头开肘的肩胛内收用于实现正文明确的胸部拉伸目标。,proposed,,passed
363,161,20122944d588e7f71803cecd4b29fe776a259f2801e00993f46d4e50f5fa0bc0,卧式伸展,柔韧与活动度,胸肌伸展,,训练时上臂用力向后伸展,背部支球后双臂后伸形成胸部牵拉且正文给出动静态拉伸剂量。,proposed,,passed
364,162,635a16ec0457fd47ec466c50dfa426c12358e76a55d41c34ed70e832bb78d6e3,屈肘支撑外展,柔韧与活动度,胸肌与肩部伸展,,训练时上半身慢慢旋转至原来固定前臂的位置,目标明确指向胸部拉伸但躯干转向描述无法清楚确定伸展方向需补正文复核。,needs_review,,passed
365,163,698c736a15159d880b3d0ee917c267d514ead7e03cc30f3f5958cf07daa6f610,坐姿后拉上臂,柔韧与活动度,胸肌辅助伸展,,将训练者上臂往后上方拉伸,坐姿抱头由辅助者后拉上臂以拉伸胸部并按反应调整力度。,proposed,,passed
366,164,6ee32e3c0545cba27fb94fdbe514504395f9f73ddd598f2d789f8ef841208afb,盘腿前倾,柔韧与活动度,背部屈曲伸展,,上半身向前弯曲，直至最大拉伸限度,坐姿抱踝前屈以背部肌群伸展为明确目标。,proposed,,passed
367,165,ef3c58e9adfb4d173598b7a9cad4c657c3e62e12052ff607fd2d95b981b318bc,仰卧屈膝外旋,柔韧与活动度,躯干旋转与背部伸展,,右手用力下压左膝，使之贴近垫子,仰卧交叉屈腿并压膝形成躯干扭转以完成背部肌群拉伸。,proposed,,passed
368,166,becee85543b4eac5174d95e44c57cbc031162917f6d826fbaa0777625166de0b,坐姿前倾抱腿,柔韧与活动度,上背与斜方肌伸展,,拉伸斜方肌及相关背部肌群,坐姿抱大腿前倾并低头以伸展上背肌群为明确任务。,proposed,,passed
369,167,59a0bc6d53fa2fd683a8bedf805fa93d64a32cfc9c84eab6afb35da8fc3244a4,动态合掌环绕,柔韧与活动度,中背与肩胛间肌群伸展,,同时挤压胸部，拉伸中背部,合手含胸与打开双臂交替用于菱形肌及中背动态伸展。,proposed,,passed
370,168,572f8b7ef72835e902e79d9a4ef5653dffcf6b50a8e7c9e55c3cc15f74c4067f,动态骨盆前倾,柔韧与活动度,腰盆屈伸活动度,基础动作与身体控制,首先收缩腹肌，收拢脊椎下尾,腹部与下背交替收缩带动骨盆倾转以动态拉伸躯干伸肌。,proposed,,passed
371,169,8c15c1460b285f50e9c9fb8fb8baac5f5825e74a473479d30e5e3f33cfeca46e,侧向伸展,柔韧与活动度,腰方肌与躯干侧屈伸展,,身体向右侧倾，左手尽量向右下压,分腿坐姿侧倾加上举臂延伸主要牵拉腰侧肌群。,proposed,,passed
372,170,5d5c291cd99c10ace552e811426f1a7856d8006ebd4163747505d0efb7cf67ab,坐姿屈膝扭转,柔韧与活动度,胸腰椎旋转活动度,,以此借力将上体扭转至一侧,坐姿借手支撑转体围绕回旋肌拉伸及脊柱旋转活动。,proposed,,passed
373,171,845a5aaf85075324481d6a6c3491cb5ea00ba4bb6a7931becbf336187283a080,坐姿侧向伸展,柔韧与活动度,腰方肌与躯干侧屈伸展,,左手上举，上臂尽可能贴近耳旁,上举臂配合躯干侧倾增加腰方肌及侧躯干伸展。,proposed,,passed
374,172,553568008ee5490bea43f285e7b04104e872bc290791550def1c3ee931e40eb7,仰卧屈膝外压腿,柔韧与活动度,躯干旋转辅助伸展,,左手固定训练者右肩贴在垫上,固定肩部并压交叉腿用于背部拉伸；仰卧步骤与上体垂直安全要求互相矛盾需补正和专业复核。,needs_review,专业复核,passed
375,173,6a006b38b171a93764aeab0d89c3dbba5a5a413d548ceff593915a9f3dfc6c5b,弓形卧姿,柔韧与活动度,腹部与躯干前侧伸展,,下背部离开垫面缓缓呈拱形,仰卧伸长四肢并缓慢拱起躯干以腹肌静态拉伸为明确目标。,proposed,,passed
376,174,2755ca59646a57a75212f3f12f46506481115bc094dce2ec07649ef1d268e98c,动态眼镜蛇式,柔韧与活动度,腹部动态伸展,,将胸部和肋部从垫上抬起,俯卧主动抬胸后复位用于反复牵拉腹部肌群。,proposed,,passed
377,175,5a1d57a18792bfded8af1008204c05aafe5e7bd0fcda2a87fbfd37a9a9a2c7ca,静态眼镜蛇式,柔韧与活动度,腹部静态伸展,,将胸部和肋骨最大限度地从地板上抬起,双手撑起上身后保持的任务服务腹部肌肉静态拉伸。,proposed,,passed
378,176,7efce9af9e3062f6bcd97af8e7a53435a0616bd100a499510216f0255d7ac443,仰卧回滚,柔韧与活动度,腹部动态伸展,,一次训练后恢复至起始姿势，释放拉伸运动,背部随球回滚伸展再释放以腹部柔韧为明确目标。,proposed,,passed
379,177,c92386385c1646c5ebee5d90567c17f3e6a78bcdb02d926285a3bd5be774a22a,卧球下压,柔韧与活动度,腹部辅助后伸,安全防护与健康边界,右手用力，将训练者上身压向地面,固定骨盆压低上身意在拉伸腹部；球上被动后伸施力缺少边界且主动拉伸标签与步骤不符需复核。,proposed,专业复核,passed
380,178,83f82c272102b282d923f391ccfa2999baf14b21449b1438f8016a74c9072280,动态推髋,柔韧与活动度,臀部与髋外侧伸展,,训练时，直腿侧髋部向外推,握支撑物后侧推髋再释放用于臀部肌群动态拉伸。,proposed,,passed
381,179,8005411a0d04931a57793368e5ac81be3c8a824a0eec36b369fd381b4341ff0d,盘腿前压,柔韧与活动度,臀部与梨状肌伸展,,上半身向前靠近前侧大腿,前腿屈膝后腿伸展并前压躯干以牵拉前腿侧臀部组织。,proposed,,passed
382,180,d2c907ad463f0eb1e653082a437c0198e6485035e35070aaa5f07a3dabb52de4,卧式“4”字拉伸,柔韧与活动度,臀部与梨状肌伸展,,双手将左侧大腿向胸部方向拉近,仰卧四字交叉腿后抱腿近胸以伸展臀部和髋外旋相关肌群。,proposed,,passed
383,181,6f2bf83d94b7a2d8c5bdb3b519e27c1397037bf32cda164cccf63a4a5767bd68,仰卧前推大腿,柔韧与活动度,臀部辅助伸展,,将训练者左侧大腿向内及前上方推,辅助屈髋内收方向推大腿实现明确的臀部肌肉拉伸目标。,proposed,,passed
384,182,82f48372c9c6bd7179a0f7fd1fc8a52dd0f4a79d125698fe0dbceec0bc0d2202,跪姿弓步下压,柔韧与活动度,髋屈肌伸展,,身体重心前移，使双腿打开幅度增加,半跪弓步前移重心增加后侧髋伸展以拉伸髋屈肌。,proposed,,passed
385,183,487a3948b71e216d20443ce3be042a2477df818cca5cc2850712eaa9a27133c2,俯卧抬腿,柔韧与活动度,髋屈肌辅助伸展,,一手按住训练者骨盆，固定骨盆使其平行贴于垫上,辅助者固定骨盆再抬大腿构成被动髋伸展以牵拉髋屈肌。,proposed,,passed
386,184,32c595676dc3bb215fa3628f71afdae7ff3aa312041d60049ea8269fb2595721,坐姿蝶形拉伸,柔韧与活动度,大腿内收肌伸展,,收缩大腿外侧，使双膝靠近垫面,坐姿脚心相对主动开膝以下肢内收肌拉伸为明确目标。,proposed,,passed
387,185,ee02fafc2c16cdc835ef759cf188b468640da8f51831b9889f0f1cc88b0ffa62,仰卧蝶形拉伸,柔韧与活动度,大腿内收肌辅助伸展,,将训练者大腿逐渐推向垫面,仰卧蝶式由辅助者下推两侧大腿扩大髋外展以伸展内收肌。,proposed,,passed
388,186,943cd3c09d5d85f4353efeaa9a6b8606c0d7e30699bbd6614db2f11aa18220da,侧卧屈膝,柔韧与活动度,股四头肌伸展,,拉动脚踝使脚后跟向臀部靠近,侧卧屈膝拉跟向臀通过增加膝屈曲牵拉大腿前侧肌群。,proposed,,passed
389,187,43bbe19bd9fe56075fb9365da0d2a2718e29462ebefea24c7891e84286742b1a,俯卧屈膝下压,柔韧与活动度,股四头肌辅助伸展,,将训练者小腿向前下方按压，使之靠向大腿后侧,俯卧固定骨盆与大腿后辅助屈膝以拉伸股四头肌。,proposed,,passed
390,188,e6c25d92f2df119f59e9a0e20642792e5bd99f0c19364595f6040a597038938f,提膝前踢,柔韧与活动度,腘绳肌伸展与膝活动度,,拉伸腘绳肌。2)提高膝关节灵活性,固定抬高的大腿再伸膝保持以伸展腘绳肌并增加膝活动范围。,proposed,,passed
391,189,d123a3e675c48248b1d8e83449b9f858adfb9e12b8cbaaa8623cbf0f670b1fa5,仰卧举腿伸膝,柔韧与活动度,腘绳肌辅助伸展,安全防护与健康边界,固定大腿，将训练者膝关节最大限度伸直,屈髋固定后伸膝主要牵拉腘绳肌；辅助者追求最大伸膝且无施力停止边界需专业复核。,proposed,专业复核,passed
392,190,76f592416a542710bea4ac13fe8fe16cb41083ba43615bf0ec222c808158d370,脚跟下压,柔韧与活动度,小腿后侧与踝背屈活动度,,拉伸腓肠肌、跟腱及小腿肌群,台阶直膝沉跟通过踝背屈拉伸小腿后侧且正文以拉伸为首要目标。,proposed,,passed
393,191,ef028e360656b1eb255b3d1db68441c76a12e3e2c0840b5f44e7b0d8da0231bb,仰卧抬腿压脚掌,柔韧与活动度,小腿后侧辅助伸展,安全防护与健康边界,利用身体重量按压脚掌,借脚掌后压牵拉小腿后侧；辅助者用体重追求最大范围且缺少限力规则需专业复核。,proposed,专业复核,passed
394,192,beb19eb08c21974ff0ba9f427397cb4424b6f9da4858eb43a4d402da85d392f9,坐姿下压或后仰,柔韧与活动度,胫骨前肌与踝跖屈伸展,,重心向后移，使膝关节离地,跪姿后移并抬膝使踝前侧延长以胫骨前肌静态拉伸为目标。,proposed,,passed
395,193,673107de0520e5ea9327bfbf5e4451b53a656dc71145db885cef76c8366e8de2,脚背下压,柔韧与活动度,胫骨前肌辅助伸展,,右手握住脚背向下用力按压,固定小腿后下压脚背形成踝跖屈以牵拉胫骨前肌。,proposed,,passed
396,194,2077ad330f0eedaeb5638a14c4e7cf4c23d59315374660862da79871d4d75258,侧卧脊椎扭转,柔韧与活动度,躯干旋转与胸臀联合伸展,,拉伸臀肌、胸肌和躯干伸肌,侧卧开臂配合头与髋反向转动用于胸臀及躯干的联合拉伸。,proposed,,passed
397,195,fbe81f48e003c25f5d5813665041f66a56494582c3ac513b9985b01704c007f0,站姿三角式,柔韧与活动度,内收肌与躯干联合伸展,,拉伸大腿内收肌、胸腰椎回旋肌和躯干伸肌,宽站位侧倾转体牵拉大腿内侧与躯干并增加扭转活动。,proposed,,passed
398,196,bbb21b5f3717e4a075d8ae916dd9088902275bfb8c9006505a8b90277c5be036,弓步旋转,柔韧与活动度,髋部与躯干旋转伸展,,拉伸臀肌、腹肌与髋部屈肌,弓步举臂转体用于髋屈肌及躯干前侧伸展与旋转活动。,proposed,,passed
399,197,1689a85ed61b9c844464821dc806126f962091fed33660c1a1573cbb0a2202af,立位体前屈,柔韧与活动度,腘绳肌与背部伸展,,拉伸腘绳肌和躯干伸肌,站姿屈髋前倾抱腿以大腿后侧和背部伸展为明确目的。,proposed,,passed
400,198,9e71f3d327b7bf04666ef242219c3fd1e34d08d94b0c52eb53bc77564d4a3ee6,反式平板,柔韧与活动度,肩前侧与腕屈肌伸展,力量与稳定性,拉伸三角肌、腕部屈肌与肱二头肌,虽采用抬髋仰撑姿势但目标和训练建议明确以肩臂静态拉伸为主。,proposed,,passed
401,199,563d92a31a00ebcf6440cecccfa030f6fd065bbd1534277fba2154623e7909cb,跪姿后仰,柔韧与活动度,身体前侧联合伸展,安全防护与健康边界,头部缓慢后仰放低，形成拱形，最大限度向后倾,跪姿后仰意在腹部肩部及髋前侧拉伸；最大后倾同时头后仰的儿童适用范围需专业复核。,proposed,专业复核,passed
402,200,f4a7ea9a2c4253c427afed5f565497622091d21efb900e9c3d1281e615351ca2,行进间弓步转体,柔韧与活动度,髋活动度与脊柱旋转,力量与稳定性,增加脊椎旋转的活动幅度,正文三项目标中两项为髋及脊柱活动范围扩展并辅以髋稳定。,proposed,,passed
528,326,c909b396dc9f5d0af2f07c52f861a7d0b2495a570bdea1b2a1c18086bbe8d21c,变速跑,耐力与体适能,循环变速跑与速度耐力,速度敏捷与反应,循环进行，绕400米场地1周为1组，重复练习3组,多轮加速与惯性跑累计成较长循环，主负荷为反复维持跑动能力。,proposed,无,passed
530,328,ae6d57f689e875c969912980f46161e279f56cb5432612ce18f7b18b9856f187,不同强度反复跑,耐力与体适能,分强度反复跑与恢复,速度敏捷与反应,注意控制好休息时间，反复练习,同时涵盖中长距离反复跑与短距全速跑，暂归反复负荷训练；主目标随组别变化需复核。,needs_review,无,passed
541,339,fa41af5b2df10514b7e5529a1a8c379d16bb2edc0dfe17d039bb4bfe0736f1be,反复跑,耐力与体适能,分强度反复跑与恢复,速度敏捷与反应,85%～90%强度做100～200米反复跑,同段同时给出速度与耐力区间，暂归反复负荷训练；训练组别主次需复核。,needs_review,无,passed
546,344,c2b8ea09433875ab59b9cea4afbe64af342a76dac66f66ed0ee68801bb99aaaa,高抬腿,耐力与体适能,循环变速跑与速度耐力,速度敏捷与反应,循环进行，绕400米场地1周为1组，重复练习3组,全文涵盖多轮加速与惯性跑，应按完整循环负荷分类。,proposed,无,passed
548,346,b7e748262df62f28510810a08a443fce14f602f7667aee41b2c3bb36de5af0f3,高抬腿接加速跑→变速跑,耐力与体适能,循环变速跑与速度耐力,速度敏捷与反应,然后惯性跑40米，再接做30米加速跑,交替速度并反复完成400米循环，主要训练速度维持与恢复。,proposed,无,passed
602,400,adaae6a7e3335ab18bf59b23f4aa63f57e6694aaafb88ac0c238fc83fbe7b7ef,中等强度跑,耐力与体适能,中等强度持续跑与配速,,按中等强度跑300～500米,按规定时间维持中等强度跑动，主要目标为持续跑与配速控制。,proposed,无,passed
604,402,c9e7dde2811769188a47eee2bed32c83135b37bf945fe7bda76c08df4a46e375,组合跑,耐力与体适能,间歇跑与速度耐力,速度敏捷与反应,每组间隔10～15秒,内容以多距离组合跑和短间歇组织为核心，主要解决重复跑能力。 ,proposed,,passed
711,509,2e93662135be33049203a3a53563fd18e26b56f7b954df32ece1e80a66d79ee5,耐力闯关动作组合,耐力与体适能,循环闯关与全身肌肉耐力,力量与稳定性,发展全身肌肉耐力与综合体能,多动作循环的核心是疲劳下维持动作和耐力,proposed,,passed
724,522,d31603d1703536d92fd4fbfd6d43b5b8704c2dad2ed2b5fdcf0fd85c2ded6601,侧滚翻,感觉统合,侧向滚动与前庭输入,基础动作与身体控制,身体侧向滚动，双臂放于体侧,目标明确列前庭觉且提供滚动输入；原前滚翻提示残留需专业修订,proposed,专业复核,passed
737,535,8b34580628b1a849cfef70b3807750a3a74c23f41c84eda7a0c8968951789b70,闭眼单脚站,感觉统合,去视觉条件下本体觉平衡,基础动作与身体控制,单脚站立，闭眼，保持身体平衡,明确本体觉目标且用闭眼改变感觉依赖来维持平衡,proposed,,passed
739,537,581d8c6b92f08c6ea65c933087376d33a5563d4bf064bd71e86e9aff94e44f48,旋转后平衡,感觉统合,旋转前庭输入与平衡恢复,基础动作与身体控制,原地旋转数圈后，单脚站立保持平衡,前庭挑战目标与旋转输入吻合；接球安全提示错配且旋转剂量待核,proposed,专业复核,passed
756,554,f51188e5df61f7a5d26782140bb7161869fffd67c6761a6c995db2c8cbb3d086,大象爬,柔韧与活动度,髋部灵活与后链动态伸展,基础动作与身体控制,髋关节灵活、柔韧,手脚交替靠近的爬行形式主要服务髋部柔韧目标,proposed,,passed
757,555,12c89eb75750db6766e31b040dc93ebe6fefff2d2bfc7894f017bf95f6dfc33e,负重爬,耐力与体适能,负重爬行与肌肉耐力,力量与稳定性,背部或腰间放置轻负重，保持稳定爬行,明确力量耐力目标；负重放置固定及负荷边界缺少说明需专业复核,proposed,专业复核,passed
770,568,5e6cf30bac0808ddd9ec2de42b6cf61a6affaeadf1898cf069f5b2b7d9b7d77c,大笼球活动,感觉统合,大笼球滚动与前庭触觉输入,基础动作与身体控制,俯卧或坐于大笼球上，前后/左右滚动，刺激前庭,目标及步骤明确感觉输入；直线步态类安全提示与球上活动冲突,proposed,专业复核,passed
771,569,d5e4ab2a50761f04a263cccf16134418c3b4ab46f51a0f40a89c3a8dcd67cb6a,滑板车活动,感觉统合,滑板滑行与前庭输入,力量与稳定性,俯卧于滑板上，用手臂推动前进，或坐姿滑行，发展前庭与上肢力量,滑行明确服务前庭目标；踝部站立平衡提示与俯卧坐姿错配,proposed,专业复核,passed
772,570,12b8d60314bc41c9d49e9f0a728feb2a6d914acc566641e0b66a1d840e50e7a7,秋千活动,感觉统合,秋千摆动与前庭输入,基础动作与身体控制,坐或卧于秋千上，小幅摆动，刺激前庭，注意抓握与保护,摆动输入与前庭目标直接对应；触碰准确等提示残留需专业修订,proposed,专业复核,passed
773,571,a3deddba552e6183846cfde8e85381d2a089a35d1cbd3a799cd3f8695bc40861,平衡触觉板,感觉统合,足底触觉辨别与平衡,基础动作与身体控制,站在触觉平衡板上，感受脚下不同质地,任务明确辨别不同质地；接球提示与触觉板活动错配,proposed,专业复核,passed
774,572,0fb578d885b0f0da1ac99d091425ed8b7efe2425d113f8ea58f61bafdb65aeea,羊角球跳,感觉统合,弹跳前庭输入,力量与稳定性,骑坐羊角球，双手抓握羊角，利用弹性上下弹跳,前庭目标与上下弹跳输入对应；旧旋转恢复平衡提示需修订,proposed,专业复核,passed
775,573,2404ee147d1a08a4d272cb16fe5ff4011e54b00ebada11bb6011446c5ce826f6,触觉球按摩,感觉统合,触觉刺激与适应,,用触觉球/按摩球在身上滚动按压，提供触觉刺激,明确触觉适应目标；脱敏表述和落地缓冲错配提示需专业复核,proposed,专业复核,passed
776,574,cf8a9ea1ddef463724b85a13798505b9700520e471eefc4a757cc7f469c91f69,视觉追踪,感觉统合,视觉追踪与视觉运动整合,,用目光追随移动物体（球/手指），头部随动或保持不动,明确视觉运动整合目标并提供追踪输入；动作模仿提示与眼动任务错配,proposed,专业复核,passed
777,575,74137c96a0e15f0e5a1f8c1b92fbe19e996f562931a7aa47c8148f8a816e7554,听觉反应,感觉统合,听觉信号与运动整合,速度敏捷与反应,根据声音信号（口令/铃声/掌声）做出指定动作反应,正文明确听觉运动整合目标；拍手力度提示仅适用局部形式需核对,proposed,专业复核,passed
778,576,1061d1338b78428d81d33393896d00bb63d29244666233925bcc2588d8904662,本体负重,感觉统合,负重本体觉输入,力量与稳定性,身体负重（背心/沙袋）情况下完成行走、蹲起等动作，强化本体感觉,负重明确用于本体感觉输入；指向类安全提示错配且负荷边界待核,proposed,专业复核,passed
779,577,e2ef0a51eb8b27e2c3f4853979d81d1ea20bb43b014306687cde1c237ee494fd,感统整合循环,感觉统合,多感觉整合循环,,串联前庭、触觉、本体多种刺激的循环训练站，依次完成,多种感觉输入整合是明确目标；接球提示无法覆盖各感觉站风险需复核,proposed,专业复核,passed
796,594,b88326b52eb147e7c0e6f7b03d1cbffa0dfee40b6fafd9a030cc0b9fbc8865d9,多任务协调,认知注意与执行功能,双重任务与注意分配,基础动作与身体控制,同时完成两个以上任务（如边拍球边数数），训练注意力分配,明确训练注意分配这一执行功能；接球投篮提示与双任务目标错配,proposed,专业复核,passed
797,595,59722f84f752cf3e5892854ea4c3eb6d798a8402c1a60d7cfbbe5a7e73a1da26,复杂动作链,认知注意与执行功能,动作序列记忆,基础动作与身体控制,串联跑、跳、爬、滚等多种动作的连贯组合,明确目标为记忆动作序列；变向路线提示仅覆盖局部需核对,proposed,专业复核,passed
803,601,dc444923b277a88a6f330bd9e9a9563b749fa2288968e0ec0f5796c393050f35,800米/1000米跑,耐力与体适能,心肺与速度耐力,跑步;意志品质,心肺耐力、速度耐力、意志力,训练目标直接聚焦中长距离跑的心肺和速度耐力。,proposed,,passed
818,616,f5fa027329f3dd84432badb19b0aea34e4864ace4543e40ea8ccffa3788b4060,分龄感统自查评估,感觉统合,分龄感觉统合自查,前庭;触觉;本体觉,触觉、前庭觉、本体觉及综合,正文以分龄感官维度自查和就医提醒为主。,needs_review,专业复核,passed
826,624,8dae71d2438e5c6714205521fff3d833ca9158f365d4115d919f4bce3b1a7e4c,组句接力,认知注意与执行功能,语言组织与反应,跑动;合作,学生的思维反应能力,组句规则要求快速写字并保持句子完整通顺。,proposed,,passed
831,629,5bd2982e6a5985b2c5fe3547689852726af7d483f6242722d4da11393f1ce78d,扑克牌分类,认知注意与执行功能,分类与观察判断,记忆;注意,记忆力与观察能力,按花色快速准确分类，主要解决观察、记忆和判断。,proposed,,passed
835,633,d10ecbbc201aff51d57628b1fc421b3449d40f43177f26a5b7bc9818676e0051,接后语,认知注意与执行功能,词汇反应与语言积累,记忆;表达,培养学生的大脑反应能力与考察平时对词汇的积累,接后语围绕词汇联想、快速反应和词语积累。,proposed,,passed
836,634,107cda9e97c8b270d22f5938cf7d1138901744d93c1d8b40b929e376d95cde95,传口令,认知注意与执行功能,听觉记忆与语言表达,同伴互动;注意,培养学生传达语言的准确度与语言表达能力,秘密口令传递要求听辨、记忆和准确复述。,proposed,,passed
837,635,3b2ee27c7934c47fbd0f0d99b57bafe3c2fdeda638be2f93633c4ca77fa1ffb1,拍电报,认知注意与执行功能,工作记忆与信息传递,触觉;团队合作,培养学生的记忆能力,拍电报以触觉编码传递数字，核心是短时记忆和准确传递。,proposed,,passed
838,636,fd47424ddcfc784efa95b993c289802f656de35baf9714ef795fa0137d3e620d,提问猜人,认知注意与执行功能,逻辑提问与推理,语言;注意,逻辑思维能力,通过连续单一问题逐步缩小范围并猜人。,proposed,,passed
840,638,17234f4757ef6c49d0dd3073b56094a0c40f985c79eb9492583b61854d7c6c8f,三子棋,认知注意与执行功能,策略推理与规则执行,注意;同伴互动,逻辑思维能力,三子棋要求预判连线并阻止对手，核心是策略推理。,proposed,,passed
841,639,bc9ce1df653cbfac901637cf3080622a42d7e4a1689e879de5470b9519908df0,牛角棋,认知注意与执行功能,策略推理与空间规划,注意;同伴互动,逻辑思维能力,棋盘走子围绕包围和突破，主要训练空间策略。,proposed,,passed
842,640,5ed1ec67ef7f9017bb887b07a4d3bd8407c2b24d5aa729357e6aec32e0d38cb3,分割包围教学,认知注意与执行功能,策略推理与空间规划,同伴互动;规则执行,连成一直线时，即算完成分割包围,棋局胜负取决于路线规划和连线策略。,needs_review,核心摘要和训练目标缺失,passed
844,642,2edaf4818222520590fd85b20049d8133e8c2cfdc303fab0dc8ce03843c2635b,盖方块,认知注意与执行功能,空间策略与规划,规则执行;同伴互动,逻辑思维能力,盖相邻方格要求判断空间和预判可用位置。,proposed,,passed
851,649,bf4d20b779f83395dc099133ecc081ea3a5dc5dd0b06364c150be680add3d7c7,往返赛跑,耐力与体适能,往返跑与体能,速度;课堂组织,提高学生的奔跑能力,多次触墙、触黑板往返构成主要跑动负荷。,proposed,,passed
859,657,74e10bf6065ff0f80fe59b6603c31c6642a0a74d6a0a7e6c55188bb82a768c66,盲人接力赛,认知注意与执行功能,听觉指令与方向反应,平衡;安全,对口令的反应力,蒙眼接力依赖引导口令完成方向移动。,needs_review,蒙眼奔跑安全需复核,passed
864,662,bacec9ade93def92a4897fce84330754597dba7ed28817cb2c8ff378a6df8219,导游,认知注意与执行功能,听觉指令与定向移动,平衡;安全,对口令反应的能力,蒙眼绕坑依赖被背者的口令完成定向行进。,needs_review,蒙眼背人和坑洼风险需复核,passed
868,666,99801ef7bae020480c0ba0454e87d2bd8015f25b21598cb072ff6739e67391eb,走靶,认知注意与执行功能,方向记忆与位置判断,平衡;注意,记忆能力以及方向与位置感,闭眼走步后判断所在同心圆，依赖空间记忆和定位。,needs_review,蒙眼行走安全需复核,passed
869,667,471b2ea87e45d5eccd582ae2175328f296bf104f934c37474d1511fc140772e0,夜过雷区,认知注意与执行功能,方向记忆与路线控制,平衡;安全,记忆能力以及方向与位置感,蒙眼通过障碍通道要求记住路线并控制方向。,needs_review,蒙眼穿越障碍安全需复核,passed
871,669,a5354f2712f7e150625e6b7f378365e1d8fc7708a6de8d4adaeba3f2565fb849,一脚踢中,认知注意与执行功能,方向记忆与距离判断,专项足球;安全,记忆能力以及方向与位置感,蒙眼找球并踢球，主要目标是方向和距离估计。,needs_review,蒙眼踢球安全需复核,passed
872,670,2de6a0a7f6903db1e95828106c540072af3bc406186034a16dcfb0ea2c66b9f8,“激光打靶”,认知注意与执行功能,听觉定位与反应,手眼协调;安全,声音的反应能力,根据击掌声定位并用手电筒瞄准，核心是听觉反应。,needs_review,强光照脸安全需复核,passed
873,671,5b4f344f5bc6df4dcf78d807848feb70210ac3a26855132c1611a499d5fdb688,看影猜人,认知注意与执行功能,视觉识别与同伴了解,同伴互动;观察,促进学生之间的相互了解,根据影子识别同学，主要内容是观察辨认和同伴认识。,needs_review,夜间场地安全需复核,passed
874,672,42b0fc94ab1c5089e7034eb1db90c61f845146add7b399743ca83497f834736c,爬山夺旗.,耐力与体适能,爬坡跑与体能,速度;同伴互动,培养学生跑的能力,缓坡爬山跑以持续跑动和爬坡体能为主要目标。,needs_review,山坡竞跑安全需复核,passed
896,694,c20a9044fe9a242d88bb28117a607cbb2ea643798097fd15e71b8061f09b2080,踢腿比高,柔韧与活动度,腿部柔韧与跳跃,专项武术;协调,跳跃能力和腿部的柔韧性,踢腿比高明确结合助跑跳跃和腿部活动度。,needs_review,高处踢球和落地安全需复核,passed
914,712,0bc7f970eb0676374744ec7ba85841dfb137a62c116b76bb7b2e106f8e86375e,冲拳不报数,认知注意与执行功能,口令抑制与动作转换,速度敏捷与反应,发展、提高学生的反应能力和应变能力,数字口令要求抑制发声并转换动作,proposed,,passed
923,721,5b2c24bfe0102527c0b3e5c6a726a473c2bb10f34230acdff4e8ec99843d0ee5,喊数抱团,认知注意与执行功能,听数反应与群体配合,同伴互动与社会性,发展学生的反应能力,听数后快速组团，含简单计算变化,proposed,,passed
937,735,5282ab89fd4f4cd8f1df4c2a296c83c0170a4015d2d50253a45ac990189d6cf0,淘汰赛跑,耐力与体适能,速度耐力与弯道跑,速度敏捷与反应,发展学生的速度耐力，提高弯道跑技术,正文明确速度耐力和弯道技术,proposed,,passed
987,785,7479ed3cc0e8e96f7f3ec30488a4c93facd4aaf702e212985cd40bb33ba351f6,手抓脚踝走,柔韧与活动度,后侧链柔韧与行走,基础动作与身体控制,两腿交替向前移动,动作要求直腿抓踝行走，目标说明不足,needs_review,专业复核,passed
990,788,ca10b119db67eda6b488bc2d49a3faa6c7bd5689fb45a38a04007904aba8b9a0,交叉步走,柔韧与活动度,髋关节灵活性,基础动作与身体控制,练习学生髋关节灵活性,正文明确髋部活动度目标,needs_review,,passed
1001,799,eaad535801c7b05d3bde8a1ae408db2d67fc309d050b8f24e90257fd910afc11,队列练习走,认知注意与执行功能,口令动作抑制与转换,课堂组织与行为支持,讲话与动作必须同时进行,核心是听说做同步与错误抑制,needs_review,,passed
1005,803,e48f1bd592c8a650451e482b46c02e0c177dd461eb665e6af7b5adb0858432ee,限时模仿跑,耐力与体适能,限时持续跑,基础动作与身体控制,只要求他们在鸣哨前持续跑,成功要求集中于限定时间内持续跑动；模仿跑姿提供参与趣味。,proposed,,passed
1013,811,08f7a1141b0975a9793e7abd024bec2ae6c1f79342633078270825b37129367c,跑一停变换,认知注意与执行功能,哨音规则切换与动作抑制,速度敏捷与反应,比如吹一下哨为跑，连续吹两下哨为停,需要保持哨音规则并抑制跑动；以持续正确反应判定成绩，句尾残缺不影响主目标。,proposed,内容残缺,passed
1014,812,29f82bfb4c08f220d14dd809769205d4eed991456dc95c2df15561693c0ce569,旗语跑(左右方向感练习),认知注意与执行功能,左右辨识与视觉规则映射,速度敏捷与反应,该练习的前提是学生能够分清左右方向,红白旗对应左右移动并逐步撤去口头提示，核心是方向辨识及规则执行。,proposed,,passed
1056,854,df8a45b80aca59938af601d8dcf7021ed1845ce5035ac6681337b84e25b88467,抢球,认知注意与执行功能,注意保持与信号响应,速度敏捷与反应,听到哨声响后同时去抢球,目标明确为集中注意力，做操或小步跑时监测哨音并及时切换抢球动作。,proposed,,passed
1101,899,de14ee00ed9269794221147b0657001d8067a19bf406967fc03bc091d959cfd1,齐心协力,柔韧与活动度,前倾姿势与下肢活动度,同伴互动与社会性;基础动作与身体控制,提高队员的柔韧性和协调能力,按明示柔韧目标暂归；流程更偏双人同步移动且搂颈受限姿势缺少活动度说明，需复核归类及安全。,needs_review,专业复核,passed
1106,904,383d0ee5c665ff757c49c720ed7e6a4cbb9d711d9b1152eed3dd7ab2086e4d3c,1.与口令相反的动作,认知注意与执行功能,抑制控制与规则转换,,集中注意力,以听口令做相反动作训练抑制与转换,proposed,,passed
1107,905,9a31601fa441fdb4e587c9f7a8e005957eb7f27171b15783be29452881983eb3,发“电报”,认知注意与执行功能,听觉注意与信息传递,同伴互动,集中注意力,主要解决听取并准确传递信息,proposed,,passed
1109,907,f351bba17b57fe5ad2af387511525546aaf347bbfabeb837e45010d4d6703bdd,听数“抱团”,认知注意与执行功能,听觉反应与数量判断,同伴互动,集中注意力,听数后快速完成对应人数抱团,proposed,,passed
1112,910,790f416dd5fee0a0f3ea6d1c40abc640dc7014c6ba072a6e070907791a7562ec,跑动报单、双数,认知注意与执行功能,序列注意与数概念,速度敏捷与反应,集中注意力,核心是按奇偶序列报数并完成队列轮转,proposed,,passed
1113,911,acfcbcf197e683734abab91f51202cf360286269549ede89290f40069cbd7e26,双人抢球,认知注意与执行功能,信号反应与手眼协调,速度敏捷与反应,听到哨声响后同时去抢球,主要解决信号反应和抢球时机判断,proposed,,passed
1115,913,2c848013b0c7681222e3b18dbdc5e3f70644b4a10aa6753c4d48ad923caa05b9,不对称动作,认知注意与执行功能,双侧协调与动作分化,基础动作与身体控制,集中注意力,不对称动作要求持续注意和双侧分化,proposed,,passed
1116,914,3a96851deda19ee6f6eba0567181918e13df32422e4c949185a9046fc29b5ab8,抓手指,认知注意与执行功能,反应抑制与触觉反应,同伴互动,集中注意力,口令触发抓取和撤手反应是核心,proposed,,passed
1117,915,e7f856064a249343b7948b33a1367762335fa8601bd5c6023bca6d0e86a0481a,找硬币,认知注意与执行功能,观察判断与记忆,同伴互动,集中注意力,通过传递和假动作判断硬币位置,proposed,,passed
1118,916,c0f23cfe64797e36571c87b09f388ba14570e6ea1fdfea631cdc98e73bee91c1,报“奥运会”项目,认知注意与执行功能,快速联想与动作模仿,基础动作与身体控制,放松,报项目并匹配代表动作是主要任务,proposed,,passed
1119,917,11451396e944422d97622f9c45415de8635b57c68b8494451db45965ddf91f2c,抓耳、鼻,认知注意与执行功能,听觉转换与双侧协调,基础动作与身体控制,放松,击掌信号触发交叉抓耳鼻动作,proposed,,passed
1122,920,017b39822c40ad83411dd0c0a83de57adc9fccb425073297d68519cd8fa8e270,哈哈一笑,认知注意与执行功能,数序抑制与动作表达,情绪与心理支持,报到3或3的倍数时,核心是数序规则下的反应抑制,proposed,,passed
1195,993,c7c77c7c03aedee6e69e52046173f3c5eb6badf5e88e70789bc234f34c3d9a71,冰冻人,耐力与体适能,奔跑与心肺耐力,速度敏捷与反应;同伴互动,发展奔跑能力与心肺耐力,追逐持续30至60秒并以跑动耐力为主,proposed,,passed
1198,996,7e19425be5565c6cda1992c2a9a3ea9a17db9f73286cfdb4c3aadd5d5bb89582,捕鱼,耐力与体适能,奔跑与心肺耐力,同伴互动,发展奔跑能力与心肺耐力,持续追逐和扩大渔网以跑动耐力为主,proposed,,passed
1199,997,e66141cf4f1de7bb3c4f8f21abfdd148dc4e08b7c8fc0f4630ee669d8e8bdda4,捕鱼达人,耐力与体适能,奔跑与心肺耐力,同伴互动,发展奔跑能力与心肺耐力,群体追逐持续移动并强调整体配合,proposed,,passed
1207,1005,be837f12ea8a249b1e8b5e4a7d604d7fb690db6a2a7432395760920ac25e553d,打怪兽,耐力与体适能,往返跑与心肺耐力,专项运动技能;速度敏捷与反应,发展往返奔跑能力与心肺耐力,主要训练反复跑动耐力，投掷是任务形式,proposed,,passed
1209,1007,43c8fa17af48e3dfe291925e147b4de06b01aa72b3eff2221ebb9b427cd38cf6,打鸭子,耐力与体适能,追逐跑与心肺耐力,速度敏捷与反应;基础动作与身体控制,发展奔跑能力与心肺耐力,追逐跑和快速起跳服务于心肺与灵敏训练,proposed,,passed
1210,1008,0770480928b73ca60e64c4d8cd767ee1c61cc3252aea0f112d7d44a0563796c2,大鱼抓小鱼,耐力与体适能,追逐跑与心肺耐力,速度敏捷与反应,发展奔跑能力与心肺耐力,正文规则极简但目标明确为追逐中的跑动耐力与反应,needs_review,,passed
1223,1021,6964edf47af7e95992c7188248121bca752292078820587e84e405bd19734b98,红绿灯,认知注意与执行功能,颜色信号与动停控制,速度敏捷与反应;基础动作与身体控制,"训练""动-停""控制与注意力",待复核：正文以教练出示敏捷碟颜色控制启停；原理由中的按口令启停缺少正文依据。,needs_review,,passed
1230,1028,b440c3f3f485696c442c1aea4a1f32e961c3c94ae15637649457ef39af34bfe2,接力摘水果,耐力与体适能,接力跑与折返搬运,同伴互动与社会性;速度敏捷与反应,发展奔跑能力与心肺耐力,跑动耐力是主目标，接力协作为组织形式,proposed,,passed
1236,1034,7b78f2fe89072f49b34ccf1221a6ca8313abb9414208b5baee682c119ad38e74,老狼老狼几点钟,耐力与体适能,追逐跑与规则反应,速度敏捷与反应;认知注意与执行功能,锻炼反应、灵敏与规则意识,传统追逐形式服务于跑动、反应和规则执行,proposed,,passed
1239,1037,e918c13856fa13a31dfb519426d73aaa4fd004efea531129a1fb5726b3fd126e,木头人,认知注意与执行功能,动停抑制与规则执行,速度敏捷与反应;耐力与体适能,"锻炼快速反应与""动-停""控制能力",核心是听信号急停并抑制移动冲动,proposed,,passed
1242,1040,eb5289bbe9bced3048f4b304164f38ea5ca317f8fc9e56898637f3f82c049b96,抢西瓜,认知注意与执行功能,运球中的策略决策,专项运动技能;速度敏捷与反应,锻炼策略、竞争与快速决策,主要教学问题是抢球选择和场上快速决策,proposed,,passed
1244,1042,21894bde5b10738e16eb479b43abd789803bbec315c044523c5d926d3ef6f69a,趣味采宝石,耐力与体适能,起跑与往返跑,速度敏捷与反应,发展奔跑能力与心肺耐力,短距离反复跑和听哨起跑是主要目标,proposed,,passed
1248,1046,09985b8e61f40500b1ba4ec97dced3424509a92fddb61513815c332d5d4c5f22,松鼠与大树,认知注意与执行功能,口令反应与规则执行,速度敏捷与反应;同伴互动与社会性,锻炼注意力与规则执行,多角色口令切换要求听辨、抑制和快速换位,proposed,,passed
1272,1070,80ace826aa1b67b171824ad530f92323032b8fbcb7684a6a6e476ba15caa8fe3,摘水果,耐力与体适能,跑动与折返搬运,同伴互动与社会性;课堂组织与行为支持,发展奔跑与折返能力、心肺耐力,跑道折返和按道取物是主要体能与规则任务,proposed,,passed
1273,1071,befdd5efe236e9338d8f8cc7f684a36ac97ee67f2a94911a299ff1aae422ecd0,折返跑,耐力与体适能,往返跑与心肺耐力,速度敏捷与反应,发展奔跑与折返能力、心肺耐力,内容直接围绕重复折返跑和取物,proposed,,passed
1279,1077,f8d3482ea1703348ece2aa3994b9e14ac84fec1b60238d81190d6fc7a9e586b4,抓鸭子,认知注意与执行功能,数量听辨与反应,耐力与体适能;速度敏捷与反应,锻炼反应、注意与数量认知,围圈跑只是背景，听数量并取对应数量物品是主目标,proposed,,passed
1282,1080,0bd0cc259abb3c4021f67d4b0fc2d6967c89d46c1b4999ae72e9a5b5744c5313,捉迷藏,认知注意与执行功能,空间观察与规则执行,基础动作与身体控制;安全防护与健康边界,锻炼观察、反应与遵守规则意识,躲藏寻找涉及空间观察、等待和按规则轮换,proposed,,passed
1283,1081,d2cb100744c9c9214cb5a5c8f4c961e8081d006f6512934447df21259fc056fb,摇篮摇晃,感觉统合,前庭觉与温和摇晃,情绪与心理支持;家校协同与家庭支持,温和刺激前庭觉、建立安全感,正文明确前庭输入、缓慢摇晃和亲子安全感目标,proposed,,passed
1284,1082,f9a850a1fcffcc7dedefb85049b70e75d79658e58d7f26e6defb22896c776819,举高高,感觉统合,前庭觉与垂直运动,安全防护与健康边界;家校协同与家庭支持,提供垂直方向的前庭刺激,正文明确前庭目标，但低月龄托腋举起存在肩颈风险,needs_review,专业复核,passed
1285,1083,cc9ed3151078555f12e2fbc2e26da9df820a084e1fb0e2f21c370771d720c40b,原地旋转,感觉统合,前庭觉与旋转刺激,基础动作与身体控制;安全防护与健康边界,提供旋转性前庭刺激,正文明确旋转前庭输入和旋后平衡调节,proposed,,passed
1286,1084,1d7db1250cdf6c42c13c747e9ede31cdf4ce1e6ab939358f0d7b6a661a8002b8,荡秋千,感觉统合,前庭觉与线性摆动,安全防护与健康边界;家校协同与家庭支持,提供线性前庭刺激,秋千的前后摆动和安全带使用构成明确前庭活动,proposed,,passed
1287,1085,e5252fa37cb960b51d4d2ee2632c1a329294f30941fb50e265c71a74198cedbb,滑滑梯,感觉统合,前庭觉与速度刺激,基础动作与身体控制;安全防护与健康边界,提供速度性前庭刺激,滑行速度和身体控制是正文直接目标,proposed,,passed
1288,1086,17dc093a9c6d5bcc71eb5ba507fa654624b5afe442f8270bba1e77c763315571,蹦蹦床,感觉统合,前庭觉与垂直跳跃,力量与稳定性;安全防护与健康边界,提供垂直方向的前庭刺激,正文同时强调前庭刺激和下肢跳跃，前庭目标为主,proposed,,passed
1289,1087,20d6d370b63af804125ee00d110aa76d49bffb90b7f272226a23ab0fa144f755,平衡木,感觉统合,前庭觉与静态平衡,基础动作与身体控制;认知注意与执行功能,提升静态平衡能力,正文将活动置于前庭训练并聚焦平衡、控制和专注,proposed,,passed
1290,1088,03586cdcb2895b5b67a65527b5f594f3ee4c1ab3996baa69dd7c0ed5a58935ee,单脚站,感觉统合,前庭觉与单脚平衡,力量与稳定性;认知注意与执行功能,提升单脚平衡能力,前庭训练框架下的主要任务是单脚平衡和核心稳定,proposed,,passed
1291,1089,5b4b3d3adc78f30e248799fcbde111c27e619ae6a639d98cac8aa75211cd12bb,倒走,感觉统合,前庭觉与空间定向,基础动作与身体控制;安全防护与健康边界,提升空间感知能力,倒走在前庭训练框架下强调方向、空间和风险意识,proposed,,passed
1292,1090,d70d2aeaad985ede552617ce551ddf3f18c852ba40c0e232b4bd7c844634562a,侧滚翻,感觉统合,前庭觉与旋转翻滚,基础动作与身体控制;安全防护与健康边界,提供旋转性前庭刺激,正文明确滚动提供旋转性前庭输入和空间定向,proposed,,passed
1293,1091,33445e092a2ec7aac42be0931f317d124fca2808c16c5af50fa36c6ed26937dd,跳绳,感觉统合,前庭觉与跳绳节奏,专项运动技能;基础动作与身体控制,提升节奏感和协调性,正文明确归入进阶前庭训练，跳绳节奏与协调为主要目标,proposed,,passed
1294,1092,ea701101044bcc08b0ba125ab3ff4bdba79d692af3091592062a8f6df883f34a,跳房子,感觉统合,前庭觉与跳跃平衡,基础动作与身体控制;认知注意与执行功能,提升单脚跳跃能力,正文明确前庭训练并以单双脚跳格和平衡控制为主,proposed,,passed
1295,1093,aebfd79debfec6d6f8db93962ccdd5d5ac9b6c42b3329bf6eade2a57c044594b,跳格子,感觉统合,前庭觉与听觉动作整合,认知注意与执行功能;基础动作与身体控制,提升听觉-动作协调能力,口令指向格子跳跃，前庭框架下突出听觉信号到动作执行,proposed,,passed
1296,1094,b8d1fa03648bf63f9c953f4762fceddad9508f64cc39ce53a4b12386e1bbd7e6,跳障碍,感觉统合,前庭觉与跳跃障碍,基础动作与身体控制;安全防护与健康边界,提升跳跃能力、增强风险评估能力、培养勇气,正文明确前庭训练，并要求渐进障碍和风险评估,proposed,,passed
1297,1095,eed5b009705cd3d3a4ba2c3bd6f4a82a54de5852de82e26d840b9061df61371d,走直线,感觉统合,前庭觉与直线平衡,基础动作与身体控制;认知注意与执行功能,提升直线行走能力,正文明确前庭训练，沿线行走用于平衡和专注,proposed,,passed
1298,1096,8d7ab61cff43e380689fec180bb5d64217c5c1923394706935863df3d657151f,走曲线,感觉统合,前庭觉与曲线动态平衡,基础动作与身体控制;安全防护与健康边界,提升曲线行走能力、增强身体灵活性、培养动态平衡,正文明确前庭训练，曲线行走训练身体倾斜和动态平衡,proposed,,passed
1299,1097,da7920ed97b74697b4d7f35199f0db01221a6155fb37f0ebea2ee42873dcfdcf,走迷宫,感觉统合,前庭觉与空间规划,认知注意与执行功能;基础动作与身体控制,提升空间规划能力,正文明确前庭训练，迷宫活动主目标为路径规划、问题解决和专注,proposed,,passed
1300,1098,6204fccbd7b8bedc767ac58291dcc1bab503d5b5ffb4ba28977910786ac2e4bf,闭眼走,感觉统合,前庭觉与本体感觉整合,安全防护与健康边界;家校协同与家庭支持,提升前庭-本体感觉整合,闭眼行走明确以感觉整合和空间记忆为目标，需家长全程保护,proposed,,passed
1301,1099,b95e6037edb4b8c671a7e4ab11a0d0ced7dfc0fae54c2711f669b84664799dab,倒爬,感觉统合,前庭觉与逆向空间协调,基础动作与身体控制;安全防护与健康边界,提升空间感知能力,正文明确前庭训练，倒爬同时训练逆向方向和四肢协调,proposed,,passed
1302,1100,d2e48de9a8a15accb1c4e7b0c4101f06ad04ab6818fe7e043cd432a18b65a20b,螃蟹走,感觉统合,前庭觉与侧向协调,力量与稳定性;基础动作与身体控制,提升侧向移动能力,正文明确前庭训练，螃蟹走聚焦侧移、核心和协调,proposed,,passed
1303,1101,2976cae00151105774a037d374a9ebd0e73b8f6c4a429d2ce97b3d4926b53ff5,毛巾秋千,感觉统合,前庭觉与多方向摇晃,家校协同与家庭支持;安全防护与健康边界,提供多方向前庭刺激,正文明确前庭输入和亲子安全感目标,proposed,,passed
1304,1102,d7b00f562c49b1b753cb8f936e6fbc85384536bb527f9987f43a16370f0fbd2a,枕头大战,感觉统合,前庭觉与不规则刺激,情绪与心理支持;速度敏捷与反应,提供不规则前庭刺激,枕头拍打和躲闪服务于前庭、反应与情绪释放,proposed,,passed
1305,1103,8b7b2efe613276f6cfdafc7b92758a8d81dbe419fadab94a997459222513c146,旋转椅,感觉统合,前庭觉与旋转刺激,安全防护与健康边界,提供旋转性前庭刺激,正文明确旋转前庭目标但带轮椅具存在倾倒风险,needs_review,专业复核,passed
1306,1104,a3067a36f10ed1fd46cb851859dc00df9b40baa3dacdf8addf0bfee7102b6b1d,平衡板,感觉统合,前庭觉与动态平衡,力量与稳定性;安全防护与健康边界,提升动态平衡能力,平衡板活动明确置于前庭训练并聚焦核心稳定,proposed,,passed
1307,1105,c889019f6afe4d0c3e12361f671425615afdc1a3bd0459a092caf602ee283b28,滑板车,感觉统合,前庭觉与滑行平衡,力量与稳定性;安全防护与健康边界,提升动态平衡能力,滑板车训练明确前庭挑战、平衡和速度感,proposed,,passed
1308,1106,b1426aa0ec40b394fb5f798d3cd45d258792f5c8f596f2d034a50c6ceb97c8e0,三轮车,感觉统合,前庭本体与双侧协调,力量与稳定性;安全防护与健康边界,提升双侧协调能力,骑三轮车活动明确前庭本体和方向感目标,proposed,,passed
1309,1107,97b720aa910f3d0653bdd250f664ee0c254cd3a1cf2e30d54547c162126b1c8e,跑步,感觉统合,节律性前庭与跑动,耐力与体适能;基础动作与身体控制,提供节律性前庭刺激,正文同时强调前庭输入和心肺协调,proposed,,passed
1310,1108,429b737ff29f0bb42983fb33d85247e42d7d39d1c8a5b9826bb974e18f18847c,追逐游戏,感觉统合,前庭反应与追逐,速度敏捷与反应;耐力与体适能,提升反应速度,明确归入前庭挑战，但核心活动是追逐反应,proposed,,passed
1311,1109,d7949bc0896203ee2f4e8a577df0513a2d6e62ff9bba8a4cf67ca9c5a24fdfca,躲猫猫,感觉统合,空间感知与躲藏,认知注意与执行功能;同伴互动与社会性,提升空间感知能力,前庭训练框架下主要目标为定位、记忆和互动,proposed,,passed
1312,1110,6e8f75fb93dd3c691862b71005d460e13bf41a51649554e50e816ecaea8cd4a3,老鹰捉小鸡,感觉统合,前庭反应与团队配合,同伴互动与社会性;速度敏捷与反应,提升团队配合能力,正文明确综合前庭挑战和队形移动反应,proposed,,passed
1313,1111,db39c78b181ac0a4cc81f5b811e563c69c311a7da1d2406e03e3e7fa71c4e27c,抚触按摩,感觉统合,触觉探索与身体感知,家校协同与家庭支持;情绪与心理支持,提供温和触觉刺激,正文明确触觉输入、身体感知和亲子依恋,proposed,,passed
1314,1112,da6b34fcb5cbff10712aef9b3218bd5b508b5830ba95c85176a2c50748e4198b,材质箱,感觉统合,触觉探索与材质辨识,认知注意与执行功能;安全防护与健康边界,提升材质辨识能力,闭手触摸不同材质是主要教学目标,proposed,,passed
1315,1113,d97d77b6df4ad11f095cd427ecdd01de75d724dab0718e6ace6975f4dd3af9fa,沙子游戏,感觉统合,触觉探索与沙物感知,力量与稳定性;认知注意与执行功能,提供丰富触觉刺激,沙抓握、塑形和足底体验构成明确触觉输入,proposed,,passed
1316,1114,5b1de3a677042dea4d801d154746b103bbfb75cd221f39d4921f8c5915e273ae,水游戏,感觉统合,温度触觉与水中探索,基础动作与身体控制;认知注意与执行功能,提供温度触觉刺激,正文聚焦温度、流动阻力和沉浮探索,proposed,,passed
1317,1115,3706c7ebd268d9c7c7c6e551ddae16f588316ff531c1065fa5ec0f26d74c5919,面团游戏,感觉统合,阻力触觉与手部力量,力量与稳定性;认知注意与执行功能,提供阻力触觉刺激,揉捏面团同时训练手部力量和创造活动,proposed,,passed
1318,1116,6090fde555d5529fcdbadcc82171d9c38983d3a0206c4a81d7b3b5280099d192,手指画,感觉统合,湿滑触觉与手指灵活,认知注意与执行功能;安全防护与健康边界,提供湿滑触觉刺激,手指蘸颜料的湿滑输入是主要目标,proposed,,passed
1319,1117,e3c21dd17bafbfa94c344198ea53c4ac1f2ab5e4617c113fa545d1f1ee2170ad,踩草地,感觉统合,自然触觉与足底感知,基础动作与身体控制;安全防护与健康边界,提供自然触觉刺激,赤脚草地活动明确训练足底自然触觉,proposed,,passed
1320,1118,168185ff69a2dc6dc92a77f721902db9b4d3e9ebe931ad6057f4508564acac04,踩沙滩,感觉统合,沙地触觉与足底力量,基础动作与身体控制;安全防护与健康边界,提供独特触觉刺激,沙滩行走和足趾感受直接对应足底触觉,proposed,,passed
1321,1119,28f41c94b26b3fc246cd87ec77de4810cb679829d8fc4c9619a1e035172ec685,玩泥巴,感觉统合,泥土触觉与手部操作,力量与稳定性;家校协同与家庭支持,提供自然触觉刺激,泥土黏性和可塑性是主要感觉探索目标,proposed,,passed
1322,1120,1e7ee8aa6371c0ef2eaeefe19cdaaa1f6fef2d47fb3967499149f352ccd437d1,赤脚走路,感觉统合,足底触觉与材质辨别,基础动作与身体控制;安全防护与健康边界,丰富足底触觉体验,不同地面行走同时训练平衡和身体感知,proposed,,passed
1323,1121,2b883e7b8d0cfca0f02aee4a5b3ec1b20773bdc3ce07aebadd7058dd813066cd,触觉刷,感觉统合,触觉调节与敏感适应,情绪与心理支持;安全防护与健康边界,降低触觉敏感度,正文直接以触觉脱敏和情绪调节为目标，含效果表述需审视,needs_review,专业复核,passed
1324,1122,b3ef424e641bbd6d9e4ba0912347ea33423cd0d7d1998639c906b610d57726ac,深压按摩,感觉统合,深层触觉与情绪调节,安全防护与健康边界;情绪与心理支持,提供深层触觉刺激,按压活动的主目标是深压安抚和身体感知,proposed,,passed
1325,1123,f6efa3932d3e154e73240f09b046cf5312355f103dba6b19c3f90f1b0af79622,拥抱挤压,感觉统合,深层压力与安全感,情绪与心理支持;家校协同与家庭支持,提供深层压力刺激,拥抱挤压以压力和安抚焦虑为核心，但0岁适用存在风险,needs_review,专业复核,passed
1326,1124,162d6b46b2a49131838fbbab752f5088f6f2287b40d2afb0a8dda40cc5db7cfb,瑜伽球滚动,感觉统合,大面积触觉与核心控制,力量与稳定性;安全防护与健康边界,提供大面积触觉刺激,趴球滚动同时涉及核心和身体接触感知,proposed,,passed
1327,1125,b37ab88a3e06759a3a6e71ba6e3655d6de03a93aa96f1bb7094964c08566d74f,豆袋按压,感觉统合,深层压力与专注调节,情绪与心理支持;安全防护与健康边界,提供深层压力刺激,豆袋按压的主线是深压安抚和专注，重量安全边界需复核,needs_review,专业复核,passed
1328,1126,2e3c1e0634afc59a75f674c22d4de6cdea98210340c3bf55cdb8dd2916775a2c,毛巾包裹,感觉统合,全身压力与安全感,情绪与心理支持;安全防护与健康边界,提供全身压力刺激,毛巾包裹明确提供压力和安抚，但包裹方式有安全边界,needs_review,专业复核,passed
1329,1127,a8d76fcdb6b028c61a0f8c66f7fcc60250a3135cd638da30fd502f3f9f1837a1,不同温度刺激,感觉统合,温度触觉与适应,安全防护与健康边界;认知注意与执行功能,提供温度触觉刺激,冷热水交替直接训练温度辨识与适应,proposed,,passed
1330,1128,3afb16f861914ebe3883f15ea58838ea620db698a9d4e60b71a9837cc9158f85,吹泡泡,感觉统合,轻触觉与视觉追踪,基础动作与身体控制;速度敏捷与反应,提供轻微触觉刺激,追逐和戳泡泡结合轻触觉与手眼协调,proposed,,passed
1331,1129,cda7803f4d6a9222cbef8ce71d595fe09eb0b17c17052f37a98e3a43a0da4a14,羽毛挠痒,感觉统合,轻触觉与身体感知,家校协同与家庭支持;情绪与心理支持,提供轻触觉刺激,羽毛接触以身体感知和互动乐趣为核心,proposed,,passed
1332,1130,55d3d819f151b38a2d96ae65d754ace8655913f21df44bcf7ec410ec77d6577c,刷子游戏,感觉统合,触觉辨识与敏感调节,认知注意与执行功能;安全防护与健康边界,丰富触觉体验,不同刷子比较触感并涉及敏感适应，硬毛刷需复核,needs_review,专业复核,passed
1333,1131,9503344780c2ea123ad5cbebec1e45633241dcc61c853bee715a42c97f1cdaad,寻宝游戏,感觉统合,精细触觉与触觉辨识,认知注意与执行功能;力量与稳定性,提升精细触觉辨识,闭眼在米豆中寻找物体，主目标是触觉辨识和专注,proposed,,passed
1334,1132,0024d40b1b5d27575596a4fe17dd2448ba8c7d88fc04e6e9a8b89296826dbd67,神秘袋,感觉统合,精细触觉与形状材质辨识,认知注意与执行功能;语言表达,提升触觉辨识能力,不透明袋中触摸和描述物品是核心,proposed,,passed
1335,1133,95685af00bb1c95256405391c8e395f11c814d2414e0dae6d2132680747473ad,触觉配对,感觉统合,触觉记忆与配对,认知注意与执行功能;基础动作与身体控制,提升触觉记忆能力,闭眼凭触觉找相同物品，目标是辨识和记忆,proposed,,passed
1336,1134,13b9956afc8b4aa5295a417e53fa0d52fa102d61b2e90590e58716bb01ccf470,蒙眼猜物,感觉统合,触觉辨识与语言表达,认知注意与执行功能;情绪与心理支持,提升触觉辨识能力,蒙眼描述物品突出触觉辨识和表达自信,proposed,,passed
1337,1135,d8c7f5d44cc06df1ace68f16dea670e8157f034c8b4efb20f00bf7e0984ea17d,不同纹理画画,感觉统合,纹理触觉与艺术创造,认知注意与执行功能;安全防护与健康边界,丰富触觉体验,粘贴并触摸不同纹理，感觉体验是教学主线,proposed,,passed
1338,1136,159b4e4a98c350786b9736b05cd2e7b80df177fa3bc5c3d2808d6ca55bf4adb3,粘土造型,感觉统合,阻力触觉与精细操作,力量与稳定性;认知注意与执行功能,提供阻力触觉刺激,粘土揉捏和造型同时训练手部力量,proposed,,passed
1339,1137,bdbbe695c92b52933003910104c4a7d7ef0c670f6f3ec041135ebdd9d8d63f75,橡皮泥,感觉统合,阻力触觉与精细动作,力量与稳定性;认知注意与执行功能,增强手指力量,橡皮泥按压切割以阻力触觉和精细动作展开,proposed,,passed
1340,1138,41252e1fdef18ec9f958f1eecf5d1f7299f8b21b82e4b84dfdf5987649cc4f3b,撕纸,感觉统合,听觉触觉联合与手指力量,力量与稳定性;基础动作与身体控制,提供听觉-触觉联合刺激,撕纸同时提供声音、触感和手指用力,proposed,,passed
1342,1140,a48ba4ca47b9350e485d93c75f6e5b684dba557eda91231683a62488d83ad43b,捏泡泡纸,感觉统合,触觉听觉联合与手指控制,力量与稳定性;认知注意与执行功能,提供触觉-听觉联合刺激,捏泡泡纸的声音和手指操作构成联合感觉体验,proposed,,passed
1343,1141,9dc246c5b0afe60177746b5d5195672a8990805f9fcf9baa31ba20981debbbd3,推重物,感觉统合,本体觉与大肌肉用力,力量与稳定性;安全防护与健康边界,增强大肌肉力量,推重物明确以本体觉、力度控制和坚持为目标,proposed,,passed
1344,1142,fe83fbd1f911cbdbef957d375136eed3142e6126d25f91bcf9fc302e29fc07e3,拉重物,感觉统合,本体觉与牵拉用力,力量与稳定性;基础动作与身体控制,增强大肌肉力量,拉重物训练用力、协调和平衡感知,proposed,,passed
1345,1143,da8ca49a9624f28e83f910aa644d560b499acf83d498c303aaf626ad35acf003,搬运工,感觉统合,本体觉与搬运控制,力量与稳定性;基础动作与身体控制,增强大肌肉力量,搬运物品聚焦身体用力、姿势和协调,proposed,,passed
1346,1144,35c09efffd87b700bd98daa7af3334875a5bf70380c83823cf46f833e42d077b,拔河,感觉统合,本体觉与全身力量,同伴互动与社会性;安全防护与健康边界,提升力度感知,拔河明确训练力量和本体力度感知,proposed,,passed
1347,1145,e57a4c6d8b66c4338c97d51c09fff28f502d9aa60bd992fe30c00923ece2a04d,爬行,感觉统合,本体觉与双侧整合,力量与稳定性;基础动作与身体控制,提升核心力量,爬行以四肢协调、核心和双侧整合为目标,proposed,,passed
1348,1146,75c8190ef4da927192aa96e69992429b0fec4205832f7b36ced82f8dbdef51fd,熊爬,感觉统合,本体觉与四肢力量,基础动作与身体控制;力量与稳定性,增强四肢力量,熊爬明确本体觉框架和手脚协调力量,proposed,,passed
1349,1147,325242fffbf18bec2031ea785c3e17ff8f7cb231c7657364f3608f57e512d3fd,螃蟹爬,感觉统合,本体觉与侧向核心控制,力量与稳定性;基础动作与身体控制,增强核心力量,螃蟹爬聚焦本体觉、核心和侧向移动,proposed,,passed
1358,1156,38f47e875e59d6721d8b51f628c3f942de6c2a3d26861496892f899a6ba074a7,折纸,认知注意与执行功能,空间建构与精细操作,力量与稳定性;基础动作与身体控制,增强空间感知,折纸聚焦折痕操作、空间感知和专注,proposed,,passed
1361,1159,35fdf38bc5fe061a83488b9f4f9d2bdb6d28b504ae1a66ff0491921fad289387,搭积木,认知注意与执行功能,空间建构与问题解决,基础动作与身体控制;力量与稳定性,提升空间感知,搭积木的主目标是空间建构、手眼协调和创造,proposed,,passed
1362,1160,981018867492f00b32aab3a154f87495142e22541a2ddef41cfd18af4c045fa2,拼图,认知注意与执行功能,空间思维与专注,基础动作与身体控制;情绪与心理支持,提升空间思维,拼图主要解决形状匹配、空间思维和耐心专注,proposed,,passed
1369,1167,34772047d9571128c56129efbe29b6f5d533147c024d4457ced3fe9f21cb4da2,捉迷藏,认知注意与执行功能,空间感知与听觉注意,同伴互动与社会性;感觉统合,增强听觉注意,综合框架下躲藏寻找主要训练空间定位、听觉和互动,proposed,,passed
1370,1168,53f5b89fbef3a489af1e35d849eb94cdd383cf198af10922bf4e045fb8cdad92,老狼老狼几点了,认知注意与执行功能,听觉反应与规则执行,速度敏捷与反应;耐力与体适能,提升听觉反应,口令报时、停走和追逐构成主要教学目标,proposed,,passed
1371,1169,4ff45c95c821802ddcdbc96549794757d173ba1020f52a4c89d0a28f431b37d5,红灯绿灯停,认知注意与执行功能,听觉动作抑制,速度敏捷与反应;基础动作与身体控制,提升听觉-动作协调,红绿灯口令要求及时启动、停止和规则执行,proposed,,passed
1372,1170,74193f884922759ead8aa7d1d56f296c8e1d366427f7060f3550ced1b90baf2c,Simon Says,认知注意与执行功能,听觉注意与抑制控制,基础动作与身体控制;同伴互动与社会性,提升听觉注意,是否执行Simon指令直接训练听辨、模仿和抑制,proposed,,passed
1373,1171,65d46f1156c0357977cee0f28d2a50b468d3717fa90a4590723e1afd9c27448a,音乐椅,认知注意与执行功能,听觉注意与规则反应,速度敏捷与反应;同伴互动与社会性,提升听觉注意,音乐停止抢座要求听觉反应和规则执行,proposed,,passed
1378,1176,b27c89078abb8c689721086e161aed5c8da57f63158fdc6c99a4f34f3c69ad07,寻宝探险,认知注意与执行功能,线索推理与问题解决,同伴互动与社会性;家校协同与家庭支持,增强问题解决,线索寻宝的主目标是根据线索规划、探索和解决问题,proposed,,passed
1382,1180,b78e715c2dbc5c65e9bdf294cd42068dc569de2859d2e5bc6cc15b1ef2c23dd2,感统小超人,感觉统合,多感觉整合与综合挑战,力量与稳定性;认知注意与执行功能,包含前庭、触觉、本体觉任务,正文明确同时覆盖三类感觉输入，属于综合统合卡,proposed,,passed
1390,1188,3fa058b217df5126abd0102b527f9489aa9051f690f881dea983e650402aedb7,2-4岁发展特点,儿童生长与发育,2-4岁动作认知与社会性,教学设计与教练方法;家校协同与家庭支持,指令应短、简单、具体,卡片综合描述低龄儿童发展特点和相应教学沟通,proposed,,passed
1391,1189,5bdcafcbd1897d23cdbaa884b95675749c9f1d720f6a1f226eb2fad4b0380114,4-6岁发展特点,儿童生长与发育,4-6岁规则与基础动作,教学设计与教练方法;家校协同与家庭支持,规则意识、基础协调和模仿能力快速发展,卡片围绕年龄阶段动作、认知和课堂结构展开,proposed,,passed
1392,1190,2d5ae4ddcaf7f454bc94ef7b3d80698965dcd764fa5a792bf4a5312f38cfed9f,6-9岁发展特点,儿童生长与发育,6-9岁动作质量与协作,教学设计与教练方法;体测与观察评估,理解规则和控制动作的能力明显提升,卡片说明阶段动作、目标和小组协作要求,proposed,,passed
1393,1191,bff147634fff241a441d6c79e16b6a4b863b40840628f6a086a842884771cb3a,9岁以上发展特点,儿童生长与发育,9岁以上专项化与训练意识,专项运动技能;教学设计与教练方法,动作模式成熟，可以追求专项化,卡片聚焦高龄儿童专项、系统训练和自我评估,proposed,,passed
1394,1192,128192cff9d1f2df8744414fccbf230a67d1a7ecfea3ac965196458fc7084886,四个发展维度,儿童生长与发育,动作认知情绪社会性四维,家校协同与家庭支持;体测与观察评估,儿童发展有顺序，但速度不完全一致,核心是综合观察四个发展维度并避免单一结论,proposed,,passed
1395,1193,16c390d2c058855e93a299e330e5f190653c20b3efff54649cb903f00ec23c42,敏感期理解,儿童生长与发育,敏感期的训练沟通边界,家校协同与家庭支持;安全防护与健康边界,"敏感期是训练的""黄金窗口""，不是""最后期限""",卡片强调不制造焦虑，但部分敏感期断言需专业复核,needs_review,专业复核,passed
1398,1196,5add9d412cc11acb33bd54c091c29eeaf055ff737db74d056dfc01f276ccf889,前庭觉,感觉统合,前庭觉定义与课堂支持,教学设计与教练方法;安全防护与健康边界,前庭觉主要管平衡和空间感,卡片主旨是前庭相关表现识别和降挑战调整，但含诊断暗示及疗效表述,needs_review,专业复核,passed
1399,1197,c60783db28f5479ad97dfa7eeac50cbe162edf5347ebbf018dd7c90298ee764f,本体觉,感觉统合,本体觉定义与课堂支持,力量与稳定性;教学设计与教练方法,关系到发力、控制、姿势和身体边界感,卡片解释本体觉表现和教学调整，但将表现直接归因于输入不足需复核,needs_review,专业复核,passed
1400,1198,73c24624e24e2d0e7f68c7df85141bd30c0b985d9609734406b1138631a9b218,触觉,感觉统合,触觉防御与渐进支持,情绪与心理支持;教学设计与教练方法,关系到对接触、材质、压力和环境变化的接受度,卡片聚焦触觉相关表现、尊重节奏和渐进接触,proposed,,passed
1401,1199,90d28f02dddbd85fad955dc818b6a38c096adffa285f48e278b9004565ec6440,视觉与听觉,认知注意与执行功能,视觉听觉输入与课堂调整,教学设计与教练方法;基础动作与身体控制,视觉和听觉是孩子接收课堂信息的主要通道,卡片要求区分视觉追随和听觉处理并给出教学调整,proposed,,passed
1403,1201,18465c99e41c2d41568fac519c7c127b9f5c4c2cf630818147d8bd929f51bdf7,常见课堂场景,感觉统合,感觉调节与课堂情境支持,课堂组织与行为支持;家校协同与家庭支持,我们多用慢节奏和重反馈，帮助孩子感受身体位置和用力大小,正文针对平衡抗拒、身体边界及接触敏感调整感觉输入和任务负荷；将场景直接对应感觉系统问题的归因需要专业核实。,proposed,专业复核,passed
1405,1203,e44580e4bd9e183de122c3d2a0adb8d40b9db49cd24e7c7e1b82e645f18f9275,感统体操,感觉统合,基础动作中的多感觉整合,基础动作与身体控制;教学设计与教练方法,重点在基础动作模式、身体控制、平衡协调和感觉输入整合,正文明确把感觉输入整合列为课程目标并要求观察和降阶支持，基础动作承担整合训练的载体作用。,proposed,无,passed
1450,1248,8898bb10c90ecefbe474514c0e0b146b1a23d9c4abdb84d2be4579120e6048b7,35套3-6岁幼儿体适能系统化训练计划（原文计划集合）,儿童生长与发育,3-6岁训练计划资料边界,教学设计与教练方法,原文标题明示对象为3-6岁幼儿,正文只有计划集合标题和对象信息，训练内容在配图中且未核对，主旨只能暂定为幼儿训练计划资料，需复核。,needs_review,专业复核,passed
1452,1250,315bb180518b1e6efee2cf336efc614e728155f4b43d39996230025127512705,日常拉伸训练：站姿拉伸组合,柔韧与活动度,站姿动态拉伸与呼吸控制,安全防护与健康边界,设计一套能在短时间里完成对全身大肌肉群完成拉伸的动作组合,核心是短时无器械站姿拉伸、动态拉伸、呼吸和渐进负荷，具体动作图示未完成视觉核对。,needs_review,需视觉核对并专业复核,passed
1453,1251,e5823c4e5099b2ad23cb52888949a8de2511adb45cfc83cc0831d2e25dc6cb02,日常拉伸训练：混合拉伸组合,柔韧与活动度,日常全身动态拉伸与放松,,完成对全身大肌肉群完成拉伸的动作组合,正文针对长期伏案后的全身肌肉放松安排站立徒手动态拉伸；动作清单仅存图片且适用对象未说明，需核对组合内容。,needs_review,内容不足,passed
1454,1252,3c789a7c64bd174e27ce4ce22441fbab52e43fd918821af5447e05901b218447,热身准备拉伸训练,柔韧与活动度,运动前动态拉伸与关节活动范围,安全防护与健康边界,可以增加身体各关节的活动范围,主目标是运动前以动态拉伸扩大关节活动范围并升温；运动损伤预防是关联目标，具体动作依赖缺失图示，需核对后细化。,needs_review,内容不足,passed
1455,1253,f8ca0e9615ebb42db01092f7e0f50c5daeafca423873494f742f68d3d1820524,形体改善拉伸训练：健康背部拉伸组合,柔韧与活动度,躯干背部拉伸与姿势改善,力量与稳定性;安全防护与健康边界,本套动作主要用于增强和拉伸躯干与核心区域的重要部位肌肉,正文以动态拉伸组合处理背部及姿势并兼顾核心增强；缺少动作清单使拉伸与强化比重难判，健康背部和姿势改善的效果表述及疼痛适用性需专业复核。,needs_review,专业复核,passed
1456,1254,74ad20515ad622ec3de24cd17123cc5e46d6eb7fe7d60af06248820ff6d26c99,形体改善拉伸训练：健康颈椎拉伸组合,柔韧与活动度,躯干背部拉伸（颈椎标题待核）,力量与稳定性;安全防护与健康边界,儿童青少年将拥有更加健康的背部,标题指向颈椎而正文目标与注意事项均指向躯干和背部，暂按实际正文归背部拉伸；需核对错配和缺失图示，并复核确定性健康效果。,needs_review,专业复核,passed
1457,1255,b535791f431b2a68a8c9a5f07c2f8e2d7455f018a596d1d7f120c81f70898b9f,运动素质发展拉伸训练：一般力量素质训练拉伸组合,柔韧与活动度,力量训练后的针对性拉伸,力量与稳定性,静态拉伸为主，辅助动态拉伸,正文在卧推等力量练习后安排按训练部位选择的拉伸，核心内容是训练后牵拉；动作依赖图片，显著改善力量及缓解疲劳的效果主张需专业复核。,needs_review,专业复核,passed
1458,1256,41b7d05200c7f81cd45e72d761f8f47bab1bd533f6b18d21db440e842b3dbf80,运动素质发展拉伸训练：耐力素质训练拉伸组合,柔韧与活动度,训练后拉伸（耐力标题待核）,力量与稳定性,根据力量训练或训练部位需要，可适当优选训练手段,标题为耐力素质但正文列卧推和弯举等力量练习后的拉伸，按正文暂归力量训练后牵拉；需核对标题错配、缺图和改善力量的效果依据。,needs_review,专业复核,passed
1459,1257,2f6060c88f50eca0e51c8a8ff4f95b774b29440d13fe51996e4c5b5929c880bf,运动项目拉伸训练：上肢爆发力项目拉伸组合,柔韧与活动度,上肢爆发力项目的颈肩躯干拉伸,力量与稳定性,改善以上肢爆发力为主要竞技表现的机体柔韧性,明确以柔韧性和颈部上肢躯干灵活性为目标，爆发力项目是应用背景；具体组合仅见图示，疲劳恢复效果与统一牵拉时长需专业复核。,needs_review,专业复核,passed
1460,1258,9235acdbe660a25d48b53a0a7c439976997814448ee8db291b472c7c221443ba,运动项目拉伸训练：下肢爆发力项目拉伸组合,柔韧与活动度,上肢及躯干拉伸（下肢标题待核）,力量与稳定性,此类运动要求颈部、上肢和躯干肌肉的协调配合,下肢爆发力标题与正文的上肢及躯干部位冲突，依据正文暂归上肢相关拉伸；需核对原图及部位错配，并复核加速疲劳恢复的主张。,needs_review,专业复核,passed
1461,1259,0af181506a2dd2e1c689b59f7f0e8503f3405757d3602280a50604b750b84c41,运动项目拉伸训练：耐力性项目拉伸组合,柔韧与活动度,上肢项目拉伸（耐力项目标题待核）,力量与稳定性,保持上述部位的协调能力和灵活性,正文持续围绕上肢爆发力项目的颈部上肢躯干柔韧性，耐力项目仅见标题；缺少动作图示以确认适用专项，恢复效果亦需专业复核。,needs_review,专业复核,passed
1590,1388,3a723f0ed8ee21e81a4afac9c8390c8500ff25f501a542efc934be6b3580819f,宾果5.0 体能课 7-9岁 48周训练计划,耐力与体适能,儿童多素质综合体能进阶,速度敏捷与反应;力量与稳定性;教学设计与教练方法,以灵敏速度、协调爆发、平衡耐力三大素质目标驱动,三类体能目标轮换覆盖跑跳投滚与心肺游戏；RPE倒挂和短休息负荷配置需专业核验,proposed,专业复核,passed
1591,1389,ad97beba30e17ade43831ef198efe5cdac1c3c3a00c63502e94a68ddd167d7aa,宾果5.0 体能课 9岁以上 48周训练计划,耐力与体适能,儿童综合体能周期训练与负荷递进,速度敏捷与反应;力量与稳定性;教学设计与教练方法,三素质目标（灵敏速度/协调爆发/平衡耐力）系统轮换,折返跑跳箱及耐力板块构成多素质训练；高RPE阶段统一短休息的适配性需专业复核,proposed,专业复核,passed
1592,1390,485204d273e30211bb588405b9a1656149d7b62c711bdf6e4c0204652accd54b,宾果5.0 增高课 5-6岁 36周训练计划,耐力与体适能,幼儿下肢速度爆发与肌耐力训练,力量与稳定性;速度敏捷与反应;安全防护与健康边界,以下肢速度、爆发力、肌肉耐力为核心,正文主体是三类下肢体能训练；低龄负荷已有审计警示且纵向发育关联表述需专业核验,proposed,专业复核,passed
1593,1391,1b5575c17abf5a265b8b66fc20d703af86e23c3245e0ddb959a64c52f88482c4,宾果5.0 增高课 7-9岁 36周训练计划,耐力与体适能,儿童下肢综合体能与肌耐力,力量与稳定性;速度敏捷与反应;安全防护与健康边界,下肢速度训练 → 下肢爆发力训练 → 肌肉耐力训练,速度跳跃和负重闯关构成课程主体；重型器械负荷及纵向发育关联和RPE倒挂需专业复核,proposed,专业复核,passed
1594,1392,8ef7a70d34e8803a3452891c710e6d95c7e4518d8675c7544aebf9cd30e7de38,宾果5.0 增高课 9岁以上 36周训练计划,耐力与体适能,高年龄段下肢综合体能进阶,力量与稳定性;速度敏捷与反应;安全防护与健康边界,无反向/有反向/单脚跳跃进阶,跳跃难度和负荷升级配合速度肌耐力训练体现综合体能目标；发育关联与高负荷进阶需核验,proposed,专业复核,passed
1595,1393,f9c78418d23b3f03a76285507402260a47ac5be019d6e05ea67f7721f1248fe2,宾果5.0 强化课 7-9岁 36周训练计划,耐力与体适能,小学体测项目的综合体能补强,速度敏捷与反应;力量与稳定性;柔韧与活动度,补力量、爆发、耐力、柔韧短板,正文教授达标动作并补足多项体能短板；测评操作和结果解释并非主体内容,proposed,无,passed
1596,1394,3ee7d89fd7118dddbb807cd62e5f17ae00b1e4e788cd638f6da1651aa8ba9982,宾果5.0 强化课 9岁以上 36周训练计划,耐力与体适能,小学体测达标动作与体能提升,速度敏捷与反应;力量与稳定性;柔韧与活动度,逐课聚焦一个达标项目,按体测项目轮换开展动作和综合体能训练；正文提示与低年龄段近乎同构需核对分龄负荷,proposed,分龄适配复核,passed
1601,1399,7a096263913fc94b1271eb4271162ce1d87a91d35d98f865a3f3de40dfe83707,0-3岁分龄感统训练方案（按月拆分）,感觉统合,婴幼儿分龄多感觉探索与刺激调节,家校协同与家庭支持;安全防护与健康边界,各阶段覆盖触觉、前庭觉、本体觉、视觉等系统,按感觉系统组织触摸摇晃追视并依据抗拒信号调整；固定训练剂量及持续三个月才咨询的阈值需专业复核,proposed,专业复核,passed
1602,1400,a785eb34639f948445501f0aecdd8fa94d321d481a4e37da56ab8fa3c67f583f,3-6岁感统训练黄金期方案（按年龄拆分）,感觉统合,学龄前多感觉整合与触觉适应,家校协同与家庭支持;安全防护与健康边界,选择 2-3 个游戏并覆盖不同感觉系统,触觉适应及跨感觉系统游戏组合明确感统目标；黄金期普遍获益与固定月数见效表述需专业复核,proposed,专业复核,passed
1603,1401,cf38119dc0941bfaf121bf0916fa574df9b37e88e52f87f669b489fc24233b3b,6-12岁学龄期感统训练方案（针对学习困难与注意力不集中）,感觉统合,学龄期多感觉整合家庭训练,认知注意与执行功能;家校协同与家庭支持,情绪调节训练（触觉+前庭觉）,方案以多感觉输入支持学龄期学习与协调；年龄分期及显著改善断言需专业核验,proposed,专业复核,passed
1604,1402,12c6d4e5e3a64c7c82eb77560237c67b1c82f47c91cbe7e192ea07cd648fb795,12周循序渐进感统训练计划（从入门到进阶）,感觉统合,触觉前庭本体觉分阶段整合,教学设计与教练方法;家校协同与家庭支持,触觉唤醒（抚触、材质探索、沙水游戏、食物触觉）,三阶段围绕感觉体验和耐受控制递进；跨婴幼儿年龄的旋转倒立安排需安全复核,proposed,专业复核,passed
1605,1403,459c238ebe5fe633d812308b66b4ca2ce538801098be65ea303c5d7b2361b140,21天感统训练打卡计划（每天3个游戏）,感觉统合,多感觉交替与家庭适应训练,家校协同与家庭支持,每天训练覆盖触觉、前庭觉、本体觉、视觉、听觉等不同感觉系统交替进行,每日游戏以不同感觉系统交替为核心；21天养成习惯及脱敏安排需核验,proposed,专业复核,passed
1606,1404,1b063dcf4ae6fc9d22ced6c4334919eb00e5c39672e1bb8e5df33afa19874c85,感统分龄居家训练方案,感觉统合,分龄触觉与前庭启蒙,儿童生长与发育;家校协同与家庭支持,训练重点触觉+前庭觉启蒙,分龄活动明确围绕触觉探索与前庭启蒙；推断时长及婴幼儿刺激剂量需复核,proposed,专业复核,passed
1608,1406,d450da888c3a20fa3a71917ab259ca47940504009a2e008e7c31e31bb64d0be4,春夏秋冬四季感统活动（户外游戏）,感觉统合,户外多感觉探索与触觉适应,家校协同与家庭支持;安全防护与健康边界,孩子对某种触觉刺激明显抗拒时不要强迫,四季游戏明确以自然感官整合及触觉适应为目标；户外效果优越论与健康建议需核验,proposed,专业复核,passed
1613,1411,ed776e3508888c75d7a5b41304a8826859b83e46e7da5ad2be98b0100b6cc06e,儿童青少年生长发育安全与教学提示,儿童生长与发育,生长发育特点与教学适配概要,安全防护与健康边界,原文讨论儿童青少年生长发育特点,唯一可确认的知识主旨是生长发育特点；无具体发育内容暂定并待补文核验,needs_review,专业复核,passed
1621,1419,1f41c29f7fb210db9b719482984058e5714621bc6dc6d1a6f062024a60dbae79,孩子总忍不住乱动时，如何用游戏练自我克制,认知注意与执行功能,停止信号与抑制控制练习,课堂组织与行为支持,让克制本身变成好玩的事,游戏用于练习停走切换和抑制冲动；将乱动统一归因发育及神经强化断言需复核,proposed,专业复核,passed
1636,1434,6ddda331981b93dbbe20bf2ed1fa6dda2493fba3b25f9e7881b0124b330b8e03,孩子在家识字算数很厉害，上课却跟不上怎么办,儿童生长与发育,认知与社会情绪发展不同步,同伴互动与社会性;情绪与心理支持,认知、语言、动作、社会情绪各条线的发展速度可以不同步,核心解释学业优势与课堂适应多线发展；社会情绪只能在同伴互动中发展的限定需复核,proposed,专业复核,passed
1647,1445,2b90b79ca80b295c698bc6921de57d3dc9fcde6116096d35f1015aae1a5dba0b,为什么培养专注力要趁10岁前,认知注意与执行功能,适龄注意启动维持与切换,儿童生长与发育,反复练习注意的启动、维持和切换,直接训练注意系统各环节；十岁窗口及凭乐高表现排除问题的推断需专业复核,proposed,专业复核,passed
1648,1446,9e63eaec75744d7b42679e7b47d01a0c5f6b8ae54dc96b08924c25094de5ee1d,专注力和情绪状态有什么关系,认知注意与执行功能,兴趣与情绪驱动的注意投入,情绪与心理支持;教学设计与教练方法,给游戏装情绪钩子：故事、悬念、倒数、角色,情境激发用于维持任务注意；将专注完全解释为情绪及服从区分绝对化需核验,proposed,专业复核,passed
1656,1454,f2d1b0c13bc15a4b27604432f86d635bdd826728428856a06a0ede8ec3db35e1,如何在训练中安排专注力专项练习,认知注意与执行功能,注意目标时长与抗干扰练习,教学设计与教练方法,每次专项只调一个参数,明确以注意维持和抗干扰参数递进为目标；专项训练广泛迁移及神经适应断言需核验,proposed,专业复核,passed
1657,1455,5fd23e87731d2f619455b87ccaeb3157b49a45a86697131e0eecf9ff59d07ea3,孩子做事差不多就行，如何培养深入思考习惯,认知注意与执行功能,深加工与自我反思习惯,教学设计与教练方法,对新信息做多层次处理,主目标是延长思考并形成反思改进习惯；课堂提问是实施方法,proposed,无,passed
1663,1461,39f7797e48d2538bdbbd1fd9a2001c31aeae35a3dfa61cf231379370711a8a01,跑步真的能帮孩子集中注意力吗,认知注意与执行功能,有氧运动对注意功能的支持,耐力与体适能;教学设计与教练方法,包括抑制干扰、维持专注的能力,跑步作为支持注意与执行功能的方式；放电解释和运动后学习窗口剂量需核验,proposed,专业复核,passed
1665,1463,54e02b6b381354e41649c03026fc2c398406f783dea9ed5f14a12706898c5e4f,中等强度和高强度运动对孩子各有什么好处,耐力与体适能,中高强度配比与恢复安排,教学设计与教练方法;安全防护与健康边界,中等强度主要锻炼心肺耐力与大脑供血系统,正文教授运动强度与课程负荷配比；七成比例和激素收益等处方需专业复核,proposed,专业复核,passed
1667,1465,2f25262528d653f4dd3eab11b3482379ade22cc9b6a290704a0b0d41cb230788,小脑只管平衡吗，它和学习有什么关系,儿童生长与发育,小脑功能与动作学习,基础动作与身体控制;认知注意与执行功能,它的经典职责是动作的协调与校准,主要解释小脑与动作认知发展的联系；动作向学业广泛迁移和练得少归因需专业复核,proposed,专业复核,passed
1669,1467,215e122a14d2665929cd086774871a4b0de73af6af7c76076d4971a07fc30837,神经新生受阻会怎样，这对课堂意味着什么,儿童生长与发育,运动与神经新生机制的教育解释,认知注意与执行功能;教学设计与教练方法,运动促进大脑生成新的神经元与连接,主教学内容为运动神经机制及规律学习；人体神经新生外推和断练流失断言需专业复核,proposed,专业复核,passed
1670,1468,03b57482a537a32a2befcf3c2704513d36ea0609da1bcbff8b2cc94e6a05cae6,运动真的能改变大脑结构吗,儿童生长与发育,神经可塑性与运动经验,认知注意与执行功能;家校协同与家庭支持,大脑的连接会因经验而重塑,核心说明运动与可塑性的关系；行为进步作为脑结构证据及持续变化承诺需专业复核,proposed,专业复核,passed
1679,1477,0d886b5e33c8b44a4e814b4e7f5bc61d6b81e55e9a947ee1eca0482f79d9901c,孩子突然叛逆不听指令，是逆反还是发展信号,儿童生长与发育,自主意识发展与拒绝行为,课堂组织与行为支持,孩子通过拒绝来确认自我边界的存在,主要解释拒绝行为与自主发展的关系；第一叛逆期年龄和行为突变归因需专业复核,proposed,专业复核,passed
1687,1485,7ee13187011b6a2c557bca143031982d19fb44986bd35034b55b0cf683b89d71,孩子说话晚就是贵人语迟吗,儿童生长与发育,语言里程碑与迟语评估转介,体测与观察评估;安全防护与健康边界,课堂观察记录三件套：理解力,核心为语言发育信号与转介路径；年龄红线和不可逆损失及免费评估断言需核验,proposed,专业复核,passed
1697,1495,99dba085b5122470699f6410807dc4c3c6568c53fe956974c81bb8e9cd45cd85,什么是敏感期？错过了怎么办,儿童生长与发育,敏感期与后续学习机会,家校协同与家庭支持,错过敏感期不等于失去发展机会,核心解释发展窗口和持续学习；三岁平衡窗口及所有领域过期效率下降的外推需专业核验,proposed,专业复核,passed
1703,1501,c31af12e77ed4d5c23f73e85722d6af8245fbf68f38108d3df0e0b69d1e5ea24,孩子做一会儿就走开，是注意力有问题吗,认知注意与执行功能,幼儿专注周期与课堂投入,课堂组织与行为支持,短时间、多段落、螺旋式的工作节奏,主旨是按儿童专注周期设计课堂并以总投入观察。,proposed,,passed
1704,1502,415ce4f0a8d16889d09a27b0aa162363005fede26fc02ed80b6f3fbdf12e18b2,孩子总要破坏东西拆玩具，是有破坏倾向吗,认知注意与执行功能,探索性拆解与因果推理,教学设计与教练方法,拆开、看里面、试图装回去,核心在区分探索性拆解和情绪性破坏并提供探索出口。,proposed,,passed
1705,1503,1f28339684ba52ba0cec57207537f6b85ac696d6a951590cbc0d4fa7ebddb7e4,孩子给树干涂红色把天空画绿色，要纠正吗,认知注意与执行功能,想象与创造性表达,教学设计与教练方法,绘画是想象与表达的试验场,主旨是保护幼儿非写实绘画中的表达和创造力。,proposed,专业复核,passed
1719,1517,ae48fd850f1a168e12df6ec5ca705c59c060ab289bb2c61234f110c8d8582d4c,孩子2岁开始说话多但常出错，要纠正吗,儿童生长与发育,语言发展性错误与示范输入,家校协同与家庭支持,正确做法是示范正确形式,主旨是以自然复述支持语言发展并识别转介边界。,proposed,专业复核,passed
1720,1518,aa5ac998bb4013c7e84d6e0217fe0b8f63a799467e2d9a7c2efe10b7e3a66244,孩子发音不准需要纠正吗,儿童生长与发育,幼儿发音发展与转介,家校协同与家庭支持,只有明显滞后于同龄或影响交流时,核心是区分正常发音发展和需要评估的异常。,proposed,专业复核,passed
1722,1520,a1cd8fea1242ab53262b7925acf4346dc57eaa5d42ec7e3306347b0300d048d1,0-3岁宝宝什么都不懂吗,儿童生长与发育,0-3岁互动与早期学习,家校协同与家庭支持,互动即学习,核心是说明日常照料互动对早期发展的作用。,proposed,专业复核,passed
1723,1521,7fa80c7337b182ee0c61dce6e42a06b59d738d8dc217baadebbce55f6e91bcdd,为什么孩子3岁前的事记不住,儿童生长与发育,婴幼儿期遗忘与隐性记忆,家校协同与家庭支持,记不住，不等于没发生过,主旨是解释早期体验如何以隐性方式留存。,proposed,专业复核,passed
1724,1522,c4396dab5e1d8ae56b0ee4854ffbbc58cae2fe126fc43c87d8d545d1daa56f07,为什么说6岁前是人生最重要阶段,儿童生长与发育,关键期与终身可塑性,家校协同与家庭支持,关键期不等于决定期,核心是平衡早期重要性和避免发展焦虑。,proposed,专业复核,passed
1725,1523,977af4a984ca1d81c346b50cca8bd7f20423999c320484c24674549271a99926,童年不好的影响现在纠正还来得及吗,儿童生长与发育,终身可塑性与关系修复,情绪与心理支持,大脑的终身可塑性给出了明确答案,主旨是将修复希望转化为稳定互动并设置转介边界。,proposed,专业复核,passed
1732,1530,667d000f61655f39356092d33c7f044f4d6315ba68687a5fb7aafe96e0229a95,感觉训练对日常生活有什么实际用处,感觉统合,触觉本体觉前庭觉与动作反馈,基础动作与身体控制,触觉、本体觉、前庭觉的精细化,正文明确以感觉输入和迁移到动作质量为主，归入感觉统合。,proposed,专业复核,passed
1746,1544,24f0fbc31c84048ef982aaf3889b868a4b081d6c49cad4ca7d274fbe80a9aa49,孩子把幻想当真说谎了吗,儿童生长与发育,幻想现实区分与发展性澄清,情绪与心理支持,想象与现实的边界还没建立,主旨是保护想象表达并温和建立现实边界。,proposed,专业复核,passed
1757,1555,5c8b82d68057a6c829f8c3f9cbd38799fc71e92577e8c63d740e7bb403a1a676,决定孩子成长的是天赋还是环境,儿童生长与发育,能力可塑性与成长归因,教学设计与教练方法,天赋决定起点，看法决定方向,核心是从天赋标签转向方法和练习归因。,proposed,专业复核,passed
1765,1563,d6b02324b4368f313d13845f8fa7accc2a69e6629bfb9f931aa76c230e501e46,基因决定孩子的发展上限吗,儿童生长与发育,基因环境与能力可塑性,家校协同与家庭支持,基因只是配角，环境才是主角,核心是讨论遗传倾向与环境经验的关系并避免决定论。,proposed,专业复核,passed
1766,1564,1c9ff645e33f63183cc42093d0c6a65c153a5e9799f35446950f89922595cd06,儿童大脑的吸收力有多强,儿童生长与发育,儿童大脑吸收与环境输入,教学设计与教练方法,环境的质量就是大脑的质量,主旨是强调儿童对示范和环境经验的吸收。,proposed,专业复核,passed
1768,1566,b1bf1ab93381992eae3324e288248cb577d07f710d1561a924d2d35cac7c5b14,敏感期错过了还能补吗,儿童生长与发育,敏感期与可弥补性,家校协同与家庭支持,敏感期可以部分弥补,主旨是解释窗口期重要性并避免倒计时焦虑。,proposed,专业复核,passed
1787,1585,d1e49838d6e6b21ab1e54a8fe047f24f5dc6b04c10304ed6812a9d16a67d2dfe,安静练习怎么做：一堂课练专注和自控,认知注意与执行功能,安静练习与自我控制,课堂组织与行为支持,安静从被要求变成被练习,核心是以预备、示范、渐进练习和分享培养专注自控。,proposed,专业复核,passed
1790,1588,847aade02751f862807beb5940604e84a7df169246d87ae9f4546b86a6f886af,蒙眼触摸游戏：练触觉也练勇气,感觉统合,触觉辨别与可控不确定,情绪与心理支持,失去视觉后，触觉被迫承担主要的信息通道,正文明确触觉输入与辨别目标，归入感觉统合。,proposed,专业复核,passed
1791,1589,3f98dab764cbc7a112ec4bb190032ed56d64afbd7cf61172ee9f2c28756f63e6,色彩配对到排序：辨别能力的三级进阶,认知注意与执行功能,配对分类排序进阶,教学设计与教练方法,配对、分类、排序,核心是按认知难度设计辨别能力的逐级练习。,proposed,专业复核,passed
1805,1603,97947c501a1e71da3075c432b19913b78c390712b6e75c9af633aee9c480a985,孩子2岁还不怎么说话，正常吗,儿童生长与发育,语言发展观察与转介,家校协同与家庭支持,语言发展区间很宽,核心是用趋势和个体差异观察语言发展,needs_review,专业复核,passed
1806,1604,a7653f6143c82c7fae8ff1be8db5c75a70c6d98e30a30e3cee5c65d8d6f95272,孩子在家不听话到处乱跑，怎么让他安静,儿童生长与发育,活动量与行为调节,耐力与体适能;家校协同与家庭支持,活动量需要出口,主要解释运动需求与安静行为的关系,needs_review,专业复核,passed
1807,1605,9f60276c1a9b6f39e5fa0ff231ef1b906446dae52a92d1c2b096ab9b78125999,孩子4岁还不会认字，是不是太晚了,儿童生长与发育,读写准备与亲子阅读,家校协同与家庭支持,兴趣先于认字,核心是读写准备和避免过早识字压力,needs_review,专业复核,passed
1809,1607,17188b9db1edca9a3221717728217baa9c6efcbc732c7b26b99b56c2af936334,孩子整天跑来跑去一刻不停，正常吗,儿童生长与发育,活动量与专注调节,认知注意与执行功能;家校协同与家庭支持,看切换、看投入,核心是区分高活动量与持续调节困难,needs_review,专业复核,passed
1812,1610,cf905a988bfe04b38a0a8c47363cdf8a7266b03d9b58de4c62d8f14607bdffe0,重量感觉也能训练吗,感觉统合,本体觉与重量辨别,基础动作与身体控制,重量感觉可以训练,正文明确聚焦本体觉和重量辨别训练,needs_review,专业复核,passed
1813,1611,e5a934d2f2863013864465321719435afd7630a57e4683bc733fb4a24b01001c,嗅觉味觉也能进课堂吗,感觉统合,嗅觉味觉辨别与课堂支持,家校协同与家庭支持,嗅觉味觉也能进课堂,核心是把真实用餐转为嗅味觉辨别和语言活动,needs_review,专业复核,passed
1814,1612,ed795be34eb2ea1ae2b67037fd6ec37ccd294ac8d0102ff75efcf5800a5d5dcb,积木怎么玩出尺寸辨识,认知注意与执行功能,视觉尺寸辨别,基础动作与身体控制,积木是尺寸辨识的好教具,主要训练大小比较、配对和排序,proposed,,passed
1816,1614,d2f27e98d931b28dfb10b88c8e9ab70d3236bc7dc2e14da50d114cc2f3f7a756,数字概念怎么从游戏里长出来,认知注意与执行功能,数物对应与数感,教学设计与教练方法,数字概念从游戏里长出来,主要教授在真实游戏中建立数量对应,proposed,,passed
1836,1634,5ccd122a0f3d8832ed8ca0079ee2096114e9275648d9f4058fd1100d0a97cf00,30秒冲刺对孩子有什么特别好处,耐力与体适能,短时高强度间歇,速度敏捷与反应;安全防护与健康边界,短时高强度冲刺（30秒）,核心是儿童冲刺时长、间歇和频率边界,needs_review,专业复核,passed
1838,1636,0cc4a3e8eb365db70dd4dd426ca3c4573a4d86ebb9c463d05e2e8f2b2352312b,运动后到底适不适合马上学东西,认知注意与执行功能,运动后学习与课程顺序,教学设计与教练方法,运动后是专注学习的黄金窗口,核心是把认知学习安排在运动后,needs_review,专业复核,passed
1839,1637,96899db273f972d46d3463e8d82f5eb4a6df88bad1ce3f2e670cb7a5fdf707cf,日行万步对孩子现实吗,耐力与体适能,儿童活动量目标,家校协同与家庭支持,每天至少60分钟中高强度活动,主要纠正成人步数目标并强调儿童活动时间和强度,needs_review,专业复核,passed
1844,1642,b80c3f554491f3542becf636d97fcd177836999df6879f9b14313acc019447fd,一物多用的头脑风暴怎么带,认知注意与执行功能,发散思维与开放任务,教学设计与教练方法,发散思维的课堂化练习,核心是用一物多玩法训练开放联想,proposed,,passed
1846,1644,3574b72280ab91934bc9a256397eafc7912f6401a2cb977291216b8dbb3dd9f2,达·芬奇观察法能练孩子的什么,认知注意与执行功能,精细观察与动作学习,教学设计与教练方法,细看（仔细看细节）—复述（说出看到什么）—验证（再看一次核对）,核心是通过观察闭环提升动作示范理解,proposed,,passed
1848,1646,c8f07fe85fa19272726af0aa0df04de7dae23ae4b15562543936141e4870f397,‘不许动’游戏：一个游戏练住自控力,认知注意与执行功能,自控与动停控制,课堂组织与行为支持,音乐停止，所有人立刻定住不动,核心是通过游戏反复练习抑制身体冲动,proposed,,passed
